DATE,% WEIGHTED ILI,%UNWEIGHTED ILI,AGE 0-4,AGE 25-49,AGE 25-64,AGE 5-24,AGE 50-64,AGE 65,ILITOTAL,NUM. OF PROVIDERS,TOTAL PATIENTS
1997-10-12,1.10148,1.21686,179.0,0.0,157.0,205.0,0.0,29.0,570.0,192.0,46842.0
1997-10-19,1.20007,1.28064,199.0,0.0,151.0,242.0,0.0,23.0,615.0,191.0,48023.0
1997-10-26,1.37876,1.23906,228.0,0.0,153.0,266.0,0.0,34.0,681.0,219.0,54961.0
1997-11-02,1.1992,1.14473,188.0,0.0,193.0,236.0,0.0,36.0,653.0,213.0,57044.0
1997-11-09,1.65618,1.26112,217.0,0.0,162.0,280.0,0.0,41.0,700.0,213.0,55506.0
1997-11-16,1.41326,1.28275,178.0,0.0,148.0,281.0,0.0,48.0,655.0,195.0,51062.0
1997-11-23,1.9868,1.44579,294.0,0.0,240.0,328.0,0.0,70.0,932.0,248.0,64463.0
1997-11-30,2.44749,1.64796,288.0,0.0,293.0,456.0,0.0,63.0,1100.0,256.0,66749.0
1997-12-07,1.73901,1.67517,268.0,0.0,206.0,343.0,0.0,69.0,886.0,252.0,52890.0
1997-12-14,1.93919,1.61739,299.0,0.0,282.0,415.0,0.0,102.0,1098.0,253.0,67887.0
1997-12-21,2.28166,1.76632,346.0,0.0,268.0,388.0,0.0,81.0,1083.0,242.0,61314.0
1997-12-28,2.50761,2.10398,348.0,0.0,235.0,362.0,0.0,59.0,1004.0,190.0,47719.0
1998-01-04,4.11352,3.13655,510.0,0.0,404.0,492.0,0.0,113.0,1519.0,251.0,48429.0
1998-01-11,5.62372,3.7185,579.0,0.0,584.0,576.0,0.0,207.0,1946.0,250.0,52333.0
1998-01-18,4.19434,3.68922,690.0,0.0,654.0,1121.0,0.0,148.0,2613.0,255.0,70828.0
1998-01-25,5.42123,4.60396,856.0,0.0,679.0,1440.0,0.0,151.0,3126.0,245.0,67898.0
1998-02-01,5.66137,4.91007,824.0,0.0,817.0,1600.0,0.0,196.0,3437.0,245.0,69999.0
1998-02-08,5.97802,4.82687,881.0,0.0,769.0,1471.0,0.0,233.0,3354.0,239.0,69486.0
1998-02-15,4.7358,3.9459,699.0,0.0,671.0,1101.0,0.0,146.0,2617.0,234.0,66322.0
1998-02-22,3.44581,3.1081,457.0,0.0,523.0,849.0,0.0,119.0,1948.0,223.0,62675.0
1998-03-01,2.47799,2.13953,313.0,0.0,330.0,534.0,0.0,112.0,1289.0,217.0,60247.0
1998-03-08,1.65732,1.43954,241.0,0.0,214.0,308.0,0.0,64.0,827.0,211.0,57449.0
1998-03-15,1.96952,1.47879,201.0,0.0,183.0,305.0,0.0,59.0,748.0,208.0,50582.0
1998-03-22,1.58545,1.08556,162.0,0.0,123.0,249.0,0.0,51.0,585.0,200.0,53889.0
1998-03-29,1.80474,0.997967,156.0,0.0,93.0,196.0,0.0,41.0,486.0,177.0,48699.0
1998-04-05,1.04624,0.744205,90.0,0.0,92.0,144.0,0.0,32.0,358.0,182.0,48105.0
1998-04-12,1.4004,0.856631,82.0,0.0,93.0,152.0,0.0,41.0,368.0,170.0,42959.0
1998-04-19,0.79687,0.621737,64.0,0.0,73.0,106.0,0.0,19.0,262.0,156.0,42140.0
1998-04-26,0.717097,0.670954,82.0,0.0,68.0,100.0,0.0,15.0,265.0,155.0,39496.0
1998-05-03,1.00238,0.694082,58.0,0.0,61.0,120.0,0.0,27.0,266.0,148.0,38324.0
1998-05-10,0.908403,0.583457,39.0,0.0,64.0,93.0,0.0,13.0,209.0,136.0,35821.0
1998-05-17,0.443014,0.57764,79.0,0.0,37.0,61.0,0.0,9.0,186.0,131.0,32200.0
1998-05-24,0.638986,0.605216,54.0,0.0,40.0,52.0,0.0,19.0,165.0,120.0,27263.0
1998-05-31,0.0,0.0,0.0,0.0,0.0,0.0,0.0,0.0,0.0,0.0,0.0
1998-06-07,0.0,0.0,0.0,0.0,0.0,0.0,0.0,0.0,0.0,0.0,0.0
1998-06-14,0.0,0.0,0.0,0.0,0.0,0.0,0.0,0.0,0.0,0.0,0.0
1998-06-21,0.0,0.0,0.0,0.0,0.0,0.0,0.0,0.0,0.0,0.0,0.0
1998-06-28,0.0,0.0,0.0,0.0,0.0,0.0,0.0,0.0,0.0,0.0,0.0
1998-07-05,0.0,0.0,0.0,0.0,0.0,0.0,0.0,0.0,0.0,0.0,0.0
1998-07-12,0.0,0.0,0.0,0.0,0.0,0.0,0.0,0.0,0.0,0.0,0.0
1998-07-19,0.0,0.0,0.0,0.0,0.0,0.0,0.0,0.0,0.0,0.0,0.0
1998-07-26,0.0,0.0,0.0,0.0,0.0,0.0,0.0,0.0,0.0,0.0,0.0
1998-08-02,0.0,0.0,0.0,0.0,0.0,0.0,0.0,0.0,0.0,0.0,0.0
1998-08-09,0.0,0.0,0.0,0.0,0.0,0.0,0.0,0.0,0.0,0.0,0.0
1998-08-16,0.0,0.0,0.0,0.0,0.0,0.0,0.0,0.0,0.0,0.0,0.0
1998-08-23,0.0,0.0,0.0,0.0,0.0,0.0,0.0,0.0,0.0,0.0,0.0
1998-08-30,0.0,0.0,0.0,0.0,0.0,0.0,0.0,0.0,0.0,0.0,0.0
1998-09-06,0.0,0.0,0.0,0.0,0.0,0.0,0.0,0.0,0.0,0.0,0.0
1998-09-13,0.0,0.0,0.0,0.0,0.0,0.0,0.0,0.0,0.0,0.0,0.0
1998-09-20,0.0,0.0,0.0,0.0,0.0,0.0,0.0,0.0,0.0,0.0,0.0
1998-09-27,0.0,0.0,0.0,0.0,0.0,0.0,0.0,0.0,0.0,0.0,0.0
1998-10-04,0.0,0.0,0.0,0.0,0.0,0.0,0.0,0.0,0.0,0.0,0.0
1998-10-11,1.57733,0.697291,115.0,0.0,139.0,210.0,0.0,26.0,490.0,304.0,70272.0
1998-10-18,1.3088,0.784777,133.0,0.0,174.0,262.0,0.0,36.0,605.0,328.0,77092.0
1998-10-25,1.41744,0.902906,217.0,0.0,225.0,287.0,0.0,54.0,783.0,350.0,86720.0
1998-11-01,1.18272,1.13792,278.0,0.0,226.0,530.0,0.0,52.0,1086.0,377.0,95437.0
1998-11-08,2.33432,1.01551,298.0,0.0,262.0,414.0,0.0,60.0,1034.0,388.0,101821.0
1998-11-15,1.81577,1.0009,258.0,0.0,292.0,402.0,0.0,70.0,1022.0,400.0,102108.0
1998-11-22,2.17975,1.13895,355.0,0.0,281.0,478.0,0.0,64.0,1178.0,372.0,103429.0
1998-11-29,2.1124,1.44938,291.0,0.0,322.0,512.0,0.0,83.0,1208.0,403.0,83346.0
1998-12-06,2.04854,1.13908,319.0,0.0,310.0,453.0,0.0,94.0,1176.0,392.0,103241.0
1998-12-13,1.93248,1.16023,353.0,0.0,303.0,461.0,0.0,85.0,1202.0,399.0,103600.0
1998-12-20,1.90468,1.17127,312.0,0.0,320.0,426.0,0.0,83.0,1141.0,396.0,97416.0
1998-12-27,2.55983,1.49061,335.0,0.0,296.0,359.0,0.0,74.0,1064.0,384.0,71380.0
1999-01-03,3.99108,1.84288,418.0,0.0,466.0,377.0,0.0,162.0,1423.0,382.0,77216.0
1999-01-10,3.08581,1.8239,439.0,0.0,659.0,548.0,0.0,134.0,1780.0,396.0,97593.0
1999-01-17,4.16383,2.54354,431.0,0.0,962.0,874.0,0.0,140.0,2407.0,396.0,94632.0
1999-01-24,5.58049,3.61581,801.0,0.0,1168.0,1689.0,0.0,206.0,3864.0,399.0,106864.0
1999-01-31,5.25328,4.07912,755.0,0.0,1419.0,2185.0,0.0,186.0,4545.0,397.0,111421.0
1999-02-07,6.74667,5.0776,970.0,0.0,1562.0,2919.0,0.0,219.0,5670.0,397.0,111667.0
1999-02-14,7.57188,5.04884,1029.0,0.0,1591.0,2911.0,0.0,237.0,5768.0,379.0,114244.0
1999-02-21,6.87287,4.69331,822.0,0.0,1599.0,2275.0,0.0,224.0,4920.0,376.0,104830.0
1999-02-28,6.35098,4.23423,800.0,0.0,1520.0,1932.0,0.0,234.0,4486.0,352.0,105946.0
1999-03-07,5.41099,4.02363,769.0,0.0,1357.0,1543.0,0.0,241.0,3910.0,359.0,97176.0
1999-03-14,4.55008,2.99348,539.0,0.0,1041.0,1140.0,0.0,202.0,2922.0,351.0,97612.0
1999-03-21,3.85915,2.37759,458.0,0.0,704.0,778.0,0.0,130.0,2070.0,339.0,87063.0
1999-03-28,2.99601,2.01715,378.0,0.0,548.0,641.0,0.0,129.0,1696.0,321.0,84079.0
1999-04-04,1.97814,1.37688,243.0,0.0,382.0,397.0,0.0,69.0,1091.0,313.0,79237.0
1999-04-11,1.16887,0.88283,127.0,0.0,202.0,265.0,0.0,38.0,632.0,277.0,71588.0
1999-04-18,1.09302,0.613811,102.0,0.0,102.0,175.0,0.0,17.0,396.0,268.0,64515.0
1999-04-25,0.633169,0.42177,59.0,0.0,66.0,133.0,0.0,13.0,271.0,258.0,64253.0
1999-05-02,0.639561,0.615513,111.0,0.0,118.0,150.0,0.0,20.0,399.0,255.0,64824.0
1999-05-09,1.55531,0.302287,35.0,0.0,50.0,84.0,0.0,11.0,180.0,237.0,59546.0
1999-05-16,0.80802,0.522623,102.0,0.0,88.0,86.0,0.0,16.0,292.0,227.0,55872.0
1999-05-23,1.33997,0.529526,100.0,0.0,68.0,100.0,0.0,15.0,283.0,222.0,53444.0
1999-05-30,0.0,0.0,0.0,0.0,0.0,0.0,0.0,0.0,0.0,0.0,0.0
1999-06-06,0.0,0.0,0.0,0.0,0.0,0.0,0.0,0.0,0.0,0.0,0.0
1999-06-13,0.0,0.0,0.0,0.0,0.0,0.0,0.0,0.0,0.0,0.0,0.0
1999-06-20,0.0,0.0,0.0,0.0,0.0,0.0,0.0,0.0,0.0,0.0,0.0
1999-06-27,0.0,0.0,0.0,0.0,0.0,0.0,0.0,0.0,0.0,0.0,0.0
1999-07-04,0.0,0.0,0.0,0.0,0.0,0.0,0.0,0.0,0.0,0.0,0.0
1999-07-11,0.0,0.0,0.0,0.0,0.0,0.0,0.0,0.0,0.0,0.0,0.0
1999-07-18,0.0,0.0,0.0,0.0,0.0,0.0,0.0,0.0,0.0,0.0,0.0
1999-07-25,0.0,0.0,0.0,0.0,0.0,0.0,0.0,0.0,0.0,0.0,0.0
1999-08-01,0.0,0.0,0.0,0.0,0.0,0.0,0.0,0.0,0.0,0.0,0.0
1999-08-08,0.0,0.0,0.0,0.0,0.0,0.0,0.0,0.0,0.0,0.0,0.0
1999-08-15,0.0,0.0,0.0,0.0,0.0,0.0,0.0,0.0,0.0,0.0,0.0
1999-08-22,0.0,0.0,0.0,0.0,0.0,0.0,0.0,0.0,0.0,0.0,0.0
1999-08-29,0.0,0.0,0.0,0.0,0.0,0.0,0.0,0.0,0.0,0.0,0.0
1999-09-05,0.0,0.0,0.0,0.0,0.0,0.0,0.0,0.0,0.0,0.0,0.0
1999-09-12,0.0,0.0,0.0,0.0,0.0,0.0,0.0,0.0,0.0,0.0,0.0
1999-09-19,0.0,0.0,0.0,0.0,0.0,0.0,0.0,0.0,0.0,0.0,0.0
1999-09-26,0.0,0.0,0.0,0.0,0.0,0.0,0.0,0.0,0.0,0.0,0.0
1999-10-03,0.0,0.0,0.0,0.0,0.0,0.0,0.0,0.0,0.0,0.0,0.0
1999-10-10,0.831219,0.977255,264.0,0.0,228.0,273.0,0.0,26.0,791.0,316.0,80941.0
1999-10-17,1.40445,1.06706,292.0,0.0,297.0,351.0,0.0,57.0,997.0,361.0,93434.0
1999-10-24,1.31721,0.942688,346.0,0.0,293.0,371.0,0.0,57.0,1067.0,386.0,113187.0
1999-10-31,1.38161,1.01621,371.0,0.0,289.0,367.0,0.0,62.0,1089.0,355.0,107163.0
1999-11-07,1.41607,1.19439,438.0,0.0,434.0,607.0,0.0,91.0,1570.0,449.0,131448.0
1999-11-14,1.48438,1.24149,473.0,0.0,461.0,535.0,0.0,101.0,1570.0,456.0,126461.0
1999-11-21,1.52614,1.28568,443.0,0.0,544.0,622.0,0.0,92.0,1701.0,459.0,132304.0
1999-11-28,1.85336,1.69132,483.0,0.0,714.0,504.0,0.0,132.0,1833.0,455.0,108377.0
1999-12-05,2.32907,1.73731,518.0,0.0,994.0,835.0,0.0,137.0,2484.0,469.0,142980.0
1999-12-12,2.70254,2.33715,643.0,0.0,1316.0,1124.0,0.0,181.0,3264.0,480.0,139657.0
1999-12-19,3.50454,2.93022,828.0,0.0,1676.0,1405.0,0.0,299.0,4208.0,475.0,143607.0
1999-12-26,5.40799,4.41985,1130.0,0.0,2189.0,1399.0,0.0,450.0,5168.0,472.0,116927.0
2000-01-02,7.04228,5.64698,1339.0,0.0,3146.0,1697.0,0.0,664.0,6846.0,471.0,121233.0
2000-01-09,6.76846,5.15025,1314.0,0.0,3250.0,2043.0,0.0,665.0,7272.0,482.0,141197.0
2000-01-16,5.52808,3.90316,1011.0,0.0,2251.0,1746.0,0.0,462.0,5470.0,467.0,140143.0
2000-01-23,3.80508,2.91178,851.0,0.0,1357.0,1334.0,0.0,315.0,3857.0,450.0,132462.0
2000-01-30,3.41177,2.1567,722.0,0.0,962.0,1048.0,0.0,169.0,2901.0,433.0,134511.0
2000-02-06,2.4,1.81295,633.0,0.0,786.0,914.0,0.0,145.0,2478.0,441.0,136683.0
2000-02-13,1.8912,1.6166,599.0,0.0,646.0,862.0,0.0,116.0,2223.0,437.0,137511.0
2000-02-20,1.35503,1.26702,539.0,0.0,447.0,610.0,0.0,72.0,1668.0,413.0,131648.0
2000-02-27,1.33212,1.14107,452.0,0.0,328.0,481.0,0.0,64.0,1325.0,382.0,116119.0
2000-03-05,1.49127,1.23509,499.0,0.0,360.0,477.0,0.0,49.0,1385.0,370.0,112138.0
2000-03-12,1.26826,1.01933,381.0,0.0,256.0,394.0,0.0,57.0,1088.0,363.0,106737.0
2000-03-19,1.05854,0.926459,342.0,0.0,206.0,342.0,0.0,44.0,934.0,338.0,100814.0
2000-03-26,0.92201,0.911006,305.0,0.0,229.0,346.0,0.0,37.0,917.0,326.0,100658.0
2000-04-02,0.892334,0.823722,282.0,0.0,206.0,320.0,0.0,29.0,837.0,320.0,101612.0
2000-04-09,0.929201,0.725443,186.0,0.0,171.0,286.0,0.0,23.0,666.0,295.0,91806.0
2000-04-16,0.655592,0.579775,178.0,0.0,127.0,196.0,0.0,21.0,522.0,289.0,90035.0
2000-04-23,0.607002,0.451177,107.0,0.0,96.0,120.0,0.0,24.0,347.0,280.0,76910.0
2000-04-30,0.600003,0.438685,112.0,0.0,80.0,141.0,0.0,14.0,347.0,274.0,79100.0
2000-05-07,0.547247,0.440517,93.0,0.0,77.0,147.0,0.0,7.0,324.0,257.0,73550.0
2000-05-14,0.476417,0.351667,67.0,0.0,77.0,85.0,0.0,10.0,239.0,248.0,67962.0
2000-05-21,0.445917,0.36646,79.0,0.0,64.0,65.0,0.0,11.0,219.0,233.0,59761.0
2000-05-28,0.0,0.0,0.0,0.0,0.0,0.0,0.0,0.0,0.0,0.0,0.0
2000-06-04,0.0,0.0,0.0,0.0,0.0,0.0,0.0,0.0,0.0,0.0,0.0
2000-06-11,0.0,0.0,0.0,0.0,0.0,0.0,0.0,0.0,0.0,0.0,0.0
2000-06-18,0.0,0.0,0.0,0.0,0.0,0.0,0.0,0.0,0.0,0.0,0.0
2000-06-25,0.0,0.0,0.0,0.0,0.0,0.0,0.0,0.0,0.0,0.0,0.0
2000-07-02,0.0,0.0,0.0,0.0,0.0,0.0,0.0,0.0,0.0,0.0,0.0
2000-07-09,0.0,0.0,0.0,0.0,0.0,0.0,0.0,0.0,0.0,0.0,0.0
2000-07-16,0.0,0.0,0.0,0.0,0.0,0.0,0.0,0.0,0.0,0.0,0.0
2000-07-23,0.0,0.0,0.0,0.0,0.0,0.0,0.0,0.0,0.0,0.0,0.0
2000-07-30,0.0,0.0,0.0,0.0,0.0,0.0,0.0,0.0,0.0,0.0,0.0
2000-08-06,0.0,0.0,0.0,0.0,0.0,0.0,0.0,0.0,0.0,0.0,0.0
2000-08-13,0.0,0.0,0.0,0.0,0.0,0.0,0.0,0.0,0.0,0.0,0.0
2000-08-20,0.0,0.0,0.0,0.0,0.0,0.0,0.0,0.0,0.0,0.0,0.0
2000-08-27,0.0,0.0,0.0,0.0,0.0,0.0,0.0,0.0,0.0,0.0,0.0
2000-09-03,0.0,0.0,0.0,0.0,0.0,0.0,0.0,0.0,0.0,0.0,0.0
2000-09-10,0.0,0.0,0.0,0.0,0.0,0.0,0.0,0.0,0.0,0.0,0.0
2000-09-17,0.0,0.0,0.0,0.0,0.0,0.0,0.0,0.0,0.0,0.0,0.0
2000-09-24,0.0,0.0,0.0,0.0,0.0,0.0,0.0,0.0,0.0,0.0,0.0
2000-10-01,0.0,0.0,0.0,0.0,0.0,0.0,0.0,0.0,0.0,0.0,0.0
2000-10-08,1.04113,1.22865,206.0,0.0,322.0,443.0,0.0,70.0,1041.0,337.0,84727.0
2000-10-15,1.2871,1.05545,270.0,0.0,389.0,489.0,0.0,86.0,1234.0,451.0,116917.0
2000-10-22,1.28299,1.15984,390.0,0.0,458.0,617.0,0.0,96.0,1561.0,487.0,134587.0
2000-10-29,1.34081,1.22688,411.0,0.0,564.0,683.0,0.0,123.0,1781.0,507.0,145165.0
2000-11-05,1.0555,1.24107,465.0,0.0,564.0,703.0,0.0,138.0,1870.0,526.0,150676.0
2000-11-12,1.14136,1.4316,564.0,0.0,635.0,849.0,0.0,181.0,2229.0,545.0,155700.0
2000-11-19,1.44111,1.49427,572.0,0.0,736.0,979.0,0.0,162.0,2449.0,571.0,163893.0
2000-11-26,1.95735,1.84268,704.0,0.0,646.0,913.0,0.0,154.0,2417.0,569.0,131168.0
2000-12-03,1.61928,1.59762,673.0,0.0,900.0,1085.0,0.0,196.0,2854.0,581.0,178641.0
2000-12-10,1.7844,1.73473,710.0,0.0,916.0,1232.0,0.0,239.0,3097.0,595.0,178529.0
2000-12-17,2.34423,2.04538,677.0,0.0,1077.0,1455.0,0.0,185.0,3394.0,600.0,165935.0
2000-12-24,2.69528,2.41051,767.0,0.0,1052.0,1337.0,0.0,205.0,3361.0,585.0,139431.0
2000-12-31,3.8618,3.38334,1059.0,0.0,1496.0,1335.0,0.0,262.0,4152.0,587.0,122719.0
2001-01-07,3.505,3.2288,1049.0,0.0,1855.0,1571.0,0.0,321.0,4796.0,591.0,148538.0
2001-01-14,3.43804,3.11951,1081.0,0.0,1722.0,2423.0,0.0,318.0,5544.0,611.0,177720.0
2001-01-21,4.3928,3.80424,1395.0,0.0,1806.0,3223.0,0.0,293.0,6717.0,617.0,176566.0
2001-01-28,4.21339,4.18681,1542.0,0.0,1991.0,4057.0,0.0,318.0,7908.0,626.0,188879.0
2001-02-04,4.35364,3.9865,1329.0,0.0,1958.0,3705.0,0.0,295.0,7287.0,578.0,182792.0
2001-02-11,3.69969,3.60607,1370.0,0.0,1731.0,3017.0,0.0,358.0,6476.0,566.0,179586.0
2001-02-18,2.81921,2.81015,1059.0,0.0,1393.0,2126.0,0.0,254.0,4832.0,566.0,171948.0
2001-02-25,2.55294,2.41561,834.0,0.0,1278.0,1566.0,0.0,245.0,3923.0,540.0,162402.0
2001-03-04,1.90167,1.73272,683.0,0.0,752.0,1008.0,0.0,163.0,2606.0,511.0,150399.0
2001-03-11,1.68033,1.64319,622.0,0.0,854.0,934.0,0.0,152.0,2562.0,510.0,155916.0
2001-03-18,1.6254,1.35803,524.0,0.0,522.0,762.0,0.0,135.0,1943.0,472.0,143075.0
2001-03-25,1.45957,1.39027,485.0,0.0,507.0,751.0,0.0,136.0,1879.0,460.0,135154.0
2001-04-01,1.32376,1.2237,465.0,0.0,419.0,575.0,0.0,131.0,1590.0,442.0,129934.0
2001-04-08,0.920073,1.11908,288.0,0.0,421.0,421.0,0.0,126.0,1256.0,371.0,112235.0
2001-04-15,0.779257,0.938967,219.0,0.0,305.0,344.0,0.0,82.0,950.0,349.0,101175.0
2001-04-22,0.991303,0.944308,234.0,0.0,344.0,331.0,0.0,88.0,997.0,342.0,105580.0
2001-04-29,0.82693,0.742603,198.0,0.0,253.0,274.0,0.0,46.0,771.0,334.0,103824.0
2001-05-06,0.588952,0.735456,173.0,0.0,225.0,265.0,0.0,71.0,734.0,322.0,99802.0
2001-05-13,0.605586,0.725155,165.0,0.0,196.0,250.0,0.0,60.0,671.0,293.0,92532.0
2001-05-20,0.49434,0.670346,94.0,0.0,159.0,179.0,0.0,38.0,470.0,262.0,70113.0
2001-05-27,0.0,0.0,0.0,0.0,0.0,0.0,0.0,0.0,0.0,0.0,0.0
2001-06-03,0.0,0.0,0.0,0.0,0.0,0.0,0.0,0.0,0.0,0.0,0.0
2001-06-10,0.0,0.0,0.0,0.0,0.0,0.0,0.0,0.0,0.0,0.0,0.0
2001-06-17,0.0,0.0,0.0,0.0,0.0,0.0,0.0,0.0,0.0,0.0,0.0
2001-06-24,0.0,0.0,0.0,0.0,0.0,0.0,0.0,0.0,0.0,0.0,0.0
2001-07-01,0.0,0.0,0.0,0.0,0.0,0.0,0.0,0.0,0.0,0.0,0.0
2001-07-08,0.0,0.0,0.0,0.0,0.0,0.0,0.0,0.0,0.0,0.0,0.0
2001-07-15,0.0,0.0,0.0,0.0,0.0,0.0,0.0,0.0,0.0,0.0,0.0
2001-07-22,0.0,0.0,0.0,0.0,0.0,0.0,0.0,0.0,0.0,0.0,0.0
2001-07-29,0.0,0.0,0.0,0.0,0.0,0.0,0.0,0.0,0.0,0.0,0.0
2001-08-05,0.0,0.0,0.0,0.0,0.0,0.0,0.0,0.0,0.0,0.0,0.0
2001-08-12,0.0,0.0,0.0,0.0,0.0,0.0,0.0,0.0,0.0,0.0,0.0
2001-08-19,0.0,0.0,0.0,0.0,0.0,0.0,0.0,0.0,0.0,0.0,0.0
2001-08-26,0.0,0.0,0.0,0.0,0.0,0.0,0.0,0.0,0.0,0.0,0.0
2001-09-02,0.0,0.0,0.0,0.0,0.0,0.0,0.0,0.0,0.0,0.0,0.0
2001-09-09,0.0,0.0,0.0,0.0,0.0,0.0,0.0,0.0,0.0,0.0,0.0
2001-09-16,0.0,0.0,0.0,0.0,0.0,0.0,0.0,0.0,0.0,0.0,0.0
2001-09-23,0.0,0.0,0.0,0.0,0.0,0.0,0.0,0.0,0.0,0.0,0.0
2001-09-30,0.0,0.0,0.0,0.0,0.0,0.0,0.0,0.0,0.0,0.0,0.0
2001-10-07,1.41046,0.997404,429.0,0.0,372.0,485.0,0.0,82.0,1368.0,607.0,137156.0
2001-10-14,1.77019,1.09692,479.0,0.0,526.0,628.0,0.0,114.0,1747.0,646.0,159264.0
2001-10-21,1.61904,1.1679,562.0,0.0,560.0,697.0,0.0,113.0,1932.0,690.0,165425.0
2001-10-28,1.77065,1.26256,567.0,0.0,643.0,876.0,0.0,118.0,2204.0,710.0,174566.0
2001-11-04,1.93891,1.30014,655.0,0.0,665.0,883.0,0.0,168.0,2371.0,746.0,182365.0
2001-11-11,1.63439,1.21838,626.0,0.0,687.0,865.0,0.0,149.0,2327.0,758.0,190992.0
2001-11-18,1.90363,1.33993,693.0,0.0,811.0,862.0,0.0,142.0,2508.0,770.0,187174.0
2001-11-25,1.80556,1.47679,602.0,0.0,698.0,643.0,0.0,147.0,2090.0,764.0,141523.0
2001-12-02,1.75506,1.41042,638.0,0.0,877.0,866.0,0.0,185.0,2566.0,728.0,181932.0
2001-12-09,1.53023,1.26322,602.0,0.0,676.0,848.0,0.0,149.0,2275.0,762.0,180095.0
2001-12-16,1.46161,1.26864,666.0,0.0,570.0,780.0,0.0,153.0,2169.0,756.0,170971.0
2001-12-23,1.96048,1.53452,707.0,0.0,684.0,725.0,0.0,162.0,2278.0,696.0,148450.0
2001-12-30,2.20435,2.12774,719.0,0.0,718.0,656.0,0.0,172.0,2265.0,691.0,106451.0
2002-01-06,2.169575,2.03458,752.0,0.0,763.0,704.0,0.0,197.5,2416.5,709.5,119362.5
2002-01-13,2.1348,1.94142,785.0,0.0,808.0,752.0,0.0,223.0,2568.0,728.0,132274.0
2002-01-20,1.89441,1.67397,837.0,0.0,869.0,969.0,0.0,200.0,2875.0,742.0,171747.0
2002-01-27,2.83109,2.06831,1067.0,0.0,948.0,1533.0,0.0,195.0,3743.0,749.0,180969.0
2002-02-03,3.30481,2.87301,1460.0,0.0,1156.0,2004.0,0.0,177.0,4797.0,728.0,166968.0
2002-02-10,3.61063,2.94909,1556.0,0.0,1415.0,2351.0,0.0,235.0,5557.0,729.0,188431.0
2002-02-17,3.42799,2.92857,1542.0,0.0,1478.0,2330.0,0.0,274.0,5624.0,728.0,192039.0
2002-02-24,3.76715,3.16382,1557.0,0.0,1573.0,2436.0,0.0,358.0,5924.0,712.0,187242.0
2002-03-03,3.60018,3.12121,1509.0,0.0,1544.0,2359.0,0.0,348.0,5760.0,708.0,184544.0
2002-03-10,3.20024,2.73515,1208.0,0.0,1529.0,1997.0,0.0,370.0,5104.0,707.0,186608.0
2002-03-17,2.92633,2.15302,848.0,0.0,1007.0,1558.0,0.0,218.0,3631.0,674.0,168647.0
2002-03-24,2.85857,1.92136,731.0,0.0,832.0,1252.0,0.0,162.0,2977.0,652.0,154942.0
2002-03-31,2.34745,1.62731,567.0,0.0,607.0,1092.0,0.0,151.0,2417.0,617.0,148527.0
2002-04-07,2.23498,1.46179,547.0,0.0,488.0,913.0,0.0,131.0,2079.0,582.0,142223.0
2002-04-14,1.99355,1.1937,397.0,0.0,449.0,692.0,0.0,117.0,1655.0,575.0,138645.0
2002-04-21,1.37168,0.895415,327.0,0.0,292.0,467.0,0.0,83.0,1169.0,551.0,130554.0
2002-04-28,1.27033,0.817901,247.0,0.0,262.0,442.0,0.0,67.0,1018.0,523.0,124465.0
2002-05-05,0.999331,0.705896,235.0,0.0,155.0,389.0,0.0,51.0,830.0,504.0,117581.0
2002-05-12,1.172,0.611215,209.0,0.0,147.0,269.0,0.0,47.0,672.0,475.0,109945.0
2002-05-19,1.03472,0.630622,169.0,0.0,156.0,302.0,0.0,46.0,673.0,458.0,106720.0
2002-05-26,0.703599,0.573579,159.0,0.0,142.0,236.0,0.0,39.0,576.0,449.0,100422.0
2002-06-02,0.0,0.0,0.0,0.0,0.0,0.0,0.0,0.0,0.0,0.0,0.0
2002-06-09,0.0,0.0,0.0,0.0,0.0,0.0,0.0,0.0,0.0,0.0,0.0
2002-06-16,0.0,0.0,0.0,0.0,0.0,0.0,0.0,0.0,0.0,0.0,0.0
2002-06-23,0.0,0.0,0.0,0.0,0.0,0.0,0.0,0.0,0.0,0.0,0.0
2002-06-30,0.0,0.0,0.0,0.0,0.0,0.0,0.0,0.0,0.0,0.0,0.0
2002-07-07,0.0,0.0,0.0,0.0,0.0,0.0,0.0,0.0,0.0,0.0,0.0
2002-07-14,0.0,0.0,0.0,0.0,0.0,0.0,0.0,0.0,0.0,0.0,0.0
2002-07-21,0.0,0.0,0.0,0.0,0.0,0.0,0.0,0.0,0.0,0.0,0.0
2002-07-28,0.0,0.0,0.0,0.0,0.0,0.0,0.0,0.0,0.0,0.0,0.0
2002-08-04,0.0,0.0,0.0,0.0,0.0,0.0,0.0,0.0,0.0,0.0,0.0
2002-08-11,0.0,0.0,0.0,0.0,0.0,0.0,0.0,0.0,0.0,0.0,0.0
2002-08-18,0.0,0.0,0.0,0.0,0.0,0.0,0.0,0.0,0.0,0.0,0.0
2002-08-25,0.0,0.0,0.0,0.0,0.0,0.0,0.0,0.0,0.0,0.0,0.0
2002-09-01,0.0,0.0,0.0,0.0,0.0,0.0,0.0,0.0,0.0,0.0,0.0
2002-09-08,0.0,0.0,0.0,0.0,0.0,0.0,0.0,0.0,0.0,0.0,0.0
2002-09-15,0.0,0.0,0.0,0.0,0.0,0.0,0.0,0.0,0.0,0.0,0.0
2002-09-22,0.0,0.0,0.0,0.0,0.0,0.0,0.0,0.0,0.0,0.0,0.0
2002-09-29,0.0,0.0,0.0,0.0,0.0,0.0,0.0,0.0,0.0,0.0,0.0
2002-10-06,0.0,0.0,0.0,0.0,0.0,0.0,0.0,0.0,0.0,0.0,0.0
2002-10-13,1.22262,1.16668,582.0,23.371584699453553,524.0,805.0,6.16120218579235,149.0,2060.0,754.0,176569.0
2002-10-20,1.33344,1.2165,683.0,46.743169398907106,585.0,872.0,12.3224043715847,127.0,2267.0,785.0,186355.0
2002-10-27,1.31929,1.13057,642.0,70.11475409836066,543.0,878.0,18.48360655737705,113.0,2176.0,831.0,192469.0
2002-11-03,1.49484,1.25246,728.0,93.48633879781421,672.0,1045.0,24.6448087431694,154.0,2599.0,863.0,207512.0
2002-11-10,1.47195,1.30237,823.0,116.85792349726776,741.0,1189.0,30.806010928961747,154.0,2907.0,909.0,223208.0
2002-11-17,1.58094,1.40551,887.0,140.22950819672133,886.0,1272.0,36.9672131147541,180.0,3225.0,930.0,229454.0
2002-11-24,1.49426,1.38437,851.0,163.60109289617486,898.0,1173.0,43.12841530054645,175.0,3097.0,923.0,223712.0
2002-12-01,1.40569,1.32563,802.0,186.97267759562843,817.0,1166.0,49.2896174863388,182.0,2967.0,922.0,223818.0
2002-12-08,1.6141,1.43475,834.0,210.344262295082,711.0,978.0,55.450819672131146,186.0,2709.0,918.0,188814.0
2002-12-15,1.45967,1.25433,857.0,233.71584699453553,869.0,1117.0,61.612021857923494,206.0,3049.0,937.0,243078.0
2002-12-22,1.59896,1.25757,804.0,257.08743169398906,792.0,1179.0,67.77322404371584,182.0,2957.0,928.0,235136.0
2002-12-29,2.16697,1.58017,951.0,280.45901639344265,849.0,1404.0,73.9344262295082,212.0,3416.0,908.0,216179.0
2003-01-05,2.57842,1.98008,915.0,303.8306010928962,828.0,937.0,80.09562841530055,177.0,2857.0,865.0,144287.0
2003-01-12,2.38636,1.90428,1028.0,327.2021857923497,962.0,1019.0,86.2568306010929,251.0,3260.0,879.0,171193.0
2003-01-19,1.73621,1.5901,1068.0,350.5737704918033,1091.0,1296.0,92.41803278688525,274.0,3729.0,926.0,234513.0
2003-01-26,2.06296,1.81559,1154.0,373.94535519125685,1011.0,1798.0,98.5792349726776,241.0,4204.0,902.0,231550.0
2003-02-02,2.58113,2.41801,1373.0,397.3169398907104,1104.0,2998.0,104.74043715846994,221.0,5696.0,927.0,235566.0
2003-02-09,2.93909,2.86635,1411.0,420.688524590164,1322.0,4064.0,110.90163934426229,282.0,7079.0,884.0,246969.0
2003-02-16,3.22539,3.16662,1606.0,444.0601092896175,1421.0,4447.0,117.06284153005464,308.0,7782.0,889.0,245751.0
2003-02-23,3.06982,3.0155,1568.0,467.43169398907105,1566.0,4224.0,123.22404371584699,291.0,7649.0,903.0,253656.0
2003-03-02,3.20044,2.9978,1694.0,490.80327868852464,1537.0,3689.0,129.38524590163934,308.0,7228.0,871.0,241110.0
2003-03-09,2.44888,2.31957,1336.0,514.1748633879781,1400.0,2583.0,135.54644808743168,287.0,5606.0,857.0,241683.0
2003-03-16,2.1344,1.94707,1015.0,537.5464480874317,1085.0,2103.0,141.70765027322403,247.0,4450.0,839.0,228549.0
2003-03-23,1.99866,1.72985,880.0,560.9180327868853,987.0,1669.0,147.8688524590164,274.0,3810.0,835.0,220250.0
2003-03-30,1.93849,1.51837,737.0,584.2896174863388,773.0,1321.0,154.03005464480876,156.0,2987.0,795.0,196724.0
2003-04-06,1.41293,1.22616,624.0,607.6612021857924,640.0,1016.0,160.1912568306011,159.0,2439.0,775.0,198913.0
2003-04-13,1.23472,1.05433,506.0,631.032786885246,541.0,846.0,166.35245901639345,135.0,2028.0,741.0,192349.0
2003-04-20,1.20005,1.07108,569.0,654.4043715846994,551.0,799.0,172.5136612021858,163.0,2082.0,735.0,194383.0
2003-04-27,0.910135,0.82612,440.0,677.775956284153,382.0,539.0,178.67486338797815,106.0,1467.0,669.0,177577.0
2003-05-04,0.932265,0.820505,429.0,701.1475409836066,394.0,508.0,184.8360655737705,114.0,1445.0,682.0,176111.0
2003-05-11,0.692175,0.630846,275.0,724.5191256830601,272.0,444.0,190.99726775956285,84.0,1075.0,655.0,170406.0
2003-05-18,0.669406,0.63935,215.0,747.8907103825137,245.0,471.0,197.1584699453552,74.0,1005.0,613.0,157191.0
2003-05-25,0.727705,0.586609,248.0,771.2622950819673,235.0,283.0,203.31967213114754,70.0,836.0,547.0,142514.0
2003-06-01,0.717701,0.773024,264.0,794.6338797814208,169.0,262.0,209.4808743169399,45.0,740.0,406.0,95728.0
2003-06-08,0.789394,0.790743,213.0,818.0054644808744,179.0,205.0,215.64207650273224,44.0,641.0,393.0,81063.0
2003-06-15,0.722129,0.711847,201.0,841.377049180328,133.0,195.0,221.80327868852459,34.0,563.0,344.0,79090.0
2003-06-22,0.591326,0.794637,198.0,864.7486338797814,180.0,187.0,227.96448087431693,55.0,620.0,341.0,78023.0
2003-06-29,0.52307,0.586604,139.0,888.120218579235,127.0,123.0,234.12568306010928,34.0,423.0,322.0,72110.0
2003-07-06,0.450236,0.615982,122.0,911.4918032786886,163.0,124.0,240.28688524590163,32.0,441.0,322.0,71593.0
2003-07-13,0.397421,0.491507,109.0,934.8633879781421,94.0,91.0,246.44808743169398,24.0,318.0,310.0,64699.0
2003-07-20,0.448002,0.604341,137.0,958.2349726775957,120.0,141.0,252.60928961748635,43.0,441.0,308.0,72972.0
2003-07-27,0.474767,0.524478,98.0,981.6065573770493,116.0,98.0,258.7704918032787,53.0,365.0,301.0,69593.0
2003-08-03,0.453251,0.590692,112.0,1004.9781420765028,121.0,139.0,264.93169398907105,48.0,420.0,302.0,71103.0
2003-08-10,0.352158,0.505135,100.0,1028.3497267759562,102.0,120.0,271.09289617486337,39.0,361.0,290.0,71466.0
2003-08-17,0.525322,0.634271,136.0,1051.72131147541,136.0,125.0,277.25409836065575,46.0,443.0,295.0,69844.0
2003-08-24,0.492991,0.610118,120.0,1075.0928961748634,133.0,131.0,283.41530054644807,37.0,421.0,283.0,69003.0
2003-08-31,0.542728,0.641227,159.0,1098.464480874317,120.0,144.0,289.57650273224044,27.0,450.0,277.0,70178.0
2003-09-07,0.490347,0.661429,166.0,1121.8360655737706,112.0,155.0,295.7377049180328,30.0,463.0,276.0,70000.0
2003-09-14,0.735914,0.792681,177.0,1145.207650273224,124.0,182.0,301.89890710382514,36.0,519.0,271.0,65474.0
2003-09-21,0.581771,0.639059,145.0,1168.5792349726776,122.0,184.0,308.0601092896175,24.0,475.0,267.0,74328.0
2003-09-28,0.654162,0.636732,136.0,1191.9508196721313,116.0,183.0,314.22131147540983,26.0,461.0,264.0,72401.0
2003-10-05,0.749504,0.747829,135.0,1215.3224043715848,143.0,221.0,320.3825136612022,34.0,533.0,268.0,71273.0
2003-10-12,0.884021,0.960873,808.0,1238.6939890710382,607.0,881.0,326.54371584699453,146.0,2442.0,830.0,254144.0
2003-10-19,1.02773,1.04325,913.0,1262.065573770492,696.0,1132.0,332.7049180327869,191.0,2932.0,931.0,281045.0
2003-10-26,1.28296,1.0545,878.0,1285.4371584699454,811.0,1147.0,338.8661202185792,195.0,3031.0,974.0,287436.0
2003-11-02,1.32661,1.11231,1006.0,1308.808743169399,884.0,1369.0,345.0273224043716,216.0,3475.0,1007.0,312412.0
2003-11-09,1.77304,1.41274,1207.0,1332.1803278688526,1127.0,2080.0,351.1885245901639,276.0,4690.0,1074.0,331980.0
2003-11-16,2.43814,1.72703,1542.0,1355.551912568306,1249.0,2735.0,357.3497267759563,264.0,5790.0,1111.0,335258.0
2003-11-23,2.72605,2.407,2185.0,1378.9234972677596,1757.0,4133.0,363.5109289617486,310.0,8385.0,1141.0,348359.0
2003-11-30,3.73192,3.10962,2561.0,1402.2950819672133,2425.0,5684.0,369.672131147541,471.0,11141.0,1129.0,358275.0
2003-12-07,4.54894,4.30779,3247.0,1425.6666666666667,2890.0,4933.0,375.8333333333333,672.0,11742.0,1118.0,272576.0
2003-12-14,5.39906,4.8303,4734.0,1449.0382513661202,5330.0,7817.0,381.9945355191257,1067.0,18948.0,1189.0,392274.0
2003-12-21,7.38735,6.42905,6620.0,1472.409836065574,5573.0,11550.0,388.155737704918,1219.0,24962.0,1173.0,388269.0
2003-12-28,7.48097,6.86734,6434.0,1495.7814207650274,5906.0,9851.0,394.3169398907104,1508.0,23699.0,1148.0,345097.0
2004-01-04,7.62797,7.06496,5336.0,1519.1530054644809,4517.0,5231.0,400.47814207650276,1331.0,16415.0,1122.0,232344.0
2004-01-11,5.14051,4.55115,3391.0,1542.5245901639346,3827.0,2894.0,406.6393442622951,1220.0,11332.0,1139.0,248992.0
2004-01-18,2.10429,1.80906,1679.0,1565.896174863388,1586.0,1857.0,412.80054644808746,461.0,5583.0,1141.0,308614.0
2004-01-25,1.88696,1.71202,1721.0,1589.2677595628415,1276.0,1604.0,418.9617486338798,360.0,4961.0,1084.0,289774.0
2004-02-01,1.7766,1.5425,1487.0,1612.6393442622953,1067.0,1543.0,425.12295081967216,339.0,4436.0,1071.0,287586.0
2004-02-08,1.46001,1.43787,1454.0,1636.0109289617487,1047.0,1448.0,431.2841530054645,302.0,4251.0,1054.0,295646.0
2004-02-15,1.37787,1.32427,1420.0,1659.3825136612022,889.0,1297.0,437.44535519125685,218.0,3824.0,986.0,288762.0
2004-02-22,1.30532,1.30726,1301.0,1682.754098360656,876.0,1255.0,443.60655737704917,259.0,3691.0,1004.0,282347.0
2004-02-29,1.08691,1.03698,956.0,1706.1256830601094,719.0,1038.0,449.76775956284155,203.0,2916.0,948.0,281202.0
2004-03-07,0.991888,1.01032,925.0,1729.4972677595629,682.0,910.0,455.92896174863387,227.0,2744.0,894.0,271597.0
2004-03-14,1.02765,1.05249,878.0,1752.8688524590166,764.0,888.0,462.09016393442624,178.0,2708.0,897.0,257294.0
2004-03-21,1.0579,1.02009,730.0,1776.24043715847,756.0,826.0,468.25136612021856,175.0,2487.0,849.0,243802.0
2004-03-28,0.849361,0.924419,760.0,1799.6120218579235,628.0,733.0,474.41256830601094,179.0,2300.0,859.0,248805.0
2004-04-04,0.747127,0.790645,610.0,1822.9836065573772,495.0,611.0,480.57377049180326,142.0,1858.0,828.0,234998.0
2004-04-11,0.661708,0.80261,583.0,1846.3551912568307,440.0,566.0,486.73497267759564,116.0,1705.0,774.0,212432.0
2004-04-18,0.679514,0.83613,545.0,1869.7267759562842,500.0,573.0,492.89617486338796,131.0,1749.0,755.0,209178.0
2004-04-25,0.633071,0.792436,501.0,1893.098360655738,461.0,511.0,499.05737704918033,142.0,1615.0,679.0,203802.0
2004-05-02,0.569894,0.683588,470.0,1916.4699453551914,349.0,404.0,505.2185792349727,108.0,1331.0,658.0,194708.0
2004-05-09,0.591357,0.757452,435.0,1939.8415300546449,383.0,491.0,511.379781420765,85.0,1394.0,629.0,184038.0
2004-05-16,0.589044,0.788585,449.0,1963.2131147540986,361.0,443.0,517.5409836065573,74.0,1327.0,599.0,168276.0
2004-05-23,0.67864,0.812171,451.0,1986.584699453552,337.0,380.0,523.7021857923497,94.0,1262.0,553.0,155386.0
2004-05-30,0.637558,0.804463,375.0,2009.9562841530055,280.0,349.0,529.8633879781421,66.0,1070.0,463.0,133008.0
2004-06-06,0.813309,0.877701,391.0,2033.3278688524592,289.0,308.0,536.0245901639345,73.0,1061.0,452.0,120884.0
2004-06-13,0.834551,0.741453,355.0,2056.6994535519125,257.0,309.0,542.1857923497267,66.0,987.0,443.0,133117.0
2004-06-20,0.616174,0.661022,307.0,2080.071038251366,258.0,240.0,548.3469945355191,46.0,851.0,426.0,128740.0
2004-06-27,0.513286,0.715109,277.0,2103.44262295082,245.0,284.0,554.5081967213115,81.0,887.0,423.0,124037.0
2004-07-04,0.351881,0.562241,238.0,2126.814207650273,215.0,183.0,560.6693989071039,62.0,698.0,408.0,124146.0
2004-07-11,0.542621,0.786808,233.0,2150.185792349727,210.0,205.0,566.8306010928961,62.0,710.0,381.0,90238.0
2004-07-18,0.581036,0.860658,249.0,2173.5573770491806,227.0,280.0,572.9918032786885,80.0,836.0,378.0,97135.0
2004-07-25,0.495486,0.689944,259.0,2196.928961748634,162.0,200.0,579.1530054644809,38.0,659.0,370.0,95515.0
2004-08-01,0.61209,0.779691,260.0,2220.3005464480875,189.0,230.0,585.3142076502733,40.0,719.0,363.0,92216.0
2004-08-08,0.531491,0.628144,213.0,2243.672131147541,225.0,235.0,591.4754098360656,60.0,733.0,345.0,116693.0
2004-08-15,0.519987,0.902459,243.0,2267.0437158469945,247.0,256.0,597.6366120218579,63.0,809.0,334.0,89644.0
2004-08-22,0.574476,0.806443,256.0,2290.415300546448,200.0,256.0,603.7978142076503,58.0,770.0,335.0,95481.0
2004-08-29,0.663175,0.874888,259.0,2313.786885245902,231.0,265.0,609.9590163934427,44.0,799.0,333.0,91326.0
2004-09-05,0.614691,0.993213,279.0,2337.158469945355,252.0,358.0,616.120218579235,71.0,960.0,326.0,96656.0
2004-09-12,0.656823,0.876141,281.0,2360.530054644809,263.0,309.0,622.2814207650273,60.0,913.0,337.0,104207.0
2004-09-19,0.723016,0.948092,342.0,2383.9016393442625,299.0,413.0,628.4426229508197,68.0,1122.0,341.0,118343.0
2004-09-26,0.691857,0.926943,322.0,2407.273224043716,268.0,416.0,634.603825136612,83.0,1089.0,336.0,117483.0
2004-10-03,0.782758,0.971643,333.0,2430.6448087431695,319.0,382.0,640.7650273224044,82.0,1116.0,364.0,114857.0
2004-10-10,0.982275,0.897159,877.0,2454.016393442623,853.0,1256.0,646.9262295081967,185.0,3171.0,1176.0,353449.0
2004-10-17,1.01821,1.02248,1071.0,2477.3879781420765,971.0,1373.0,653.0874316939891,216.0,3631.0,1187.0,355116.0
2004-10-24,1.1768,1.06296,1240.0,2500.75956284153,1019.0,1534.0,659.2486338797814,226.0,4019.0,1267.0,378094.0
2004-10-31,1.30121,1.14696,1190.0,2524.131147540984,1223.0,1671.0,665.4098360655738,285.0,4369.0,1293.0,380921.0
2004-11-07,1.27746,1.20495,1327.0,2547.502732240437,1215.0,1718.0,671.5710382513661,291.0,4551.0,1302.0,377692.0
2004-11-14,1.40387,1.30517,1497.0,2570.874316939891,1279.0,1874.0,677.7322404371585,319.0,4969.0,1344.0,380718.0
2004-11-21,1.40301,1.28699,1531.0,2594.2459016393445,1279.0,1874.0,683.8934426229508,299.0,4983.0,1336.0,387182.0
2004-11-28,1.73975,1.59468,1490.0,2617.617486338798,1274.0,1678.0,690.0546448087432,271.0,4713.0,1341.0,295546.0
2004-12-05,1.56894,1.39714,1538.0,2640.9890710382515,1434.0,2059.0,696.2158469945356,376.0,5407.0,1369.0,387004.0
2004-12-12,1.65927,1.44996,1551.0,2664.360655737705,1450.0,2052.0,702.3770491803278,375.0,5428.0,1346.0,374356.0
2004-12-19,1.81341,1.61745,1670.0,2687.7322404371585,1643.0,2071.0,708.5382513661202,371.0,5755.0,1379.0,355806.0
2004-12-26,2.37626,2.19112,1856.0,2711.103825136612,1608.0,1807.0,714.6994535519126,418.0,5689.0,1288.0,259639.0
2005-01-02,2.77052,2.56649,2252.0,2734.475409836066,2413.0,1993.0,720.860655737705,621.0,7279.0,1332.0,283617.0
2005-01-09,2.40064,2.17645,2010.0,2757.846994535519,2869.0,2450.0,727.0218579234972,712.0,8041.0,1383.0,369455.0
2005-01-16,2.54155,2.20171,2188.0,2781.218579234973,2542.0,2982.0,733.1830601092896,611.0,8323.0,1342.0,378024.0
2005-01-23,2.85871,2.53012,2199.0,2804.5901639344265,2839.0,3682.0,739.344262295082,608.0,9328.0,1348.0,368678.0
2005-01-30,3.55011,3.06524,2747.0,2827.96174863388,3586.0,5364.0,745.5054644808744,725.0,12422.0,1334.0,405254.0
2005-02-06,4.58591,3.98061,3086.0,2851.3333333333335,4498.0,7650.0,751.6666666666666,958.0,16192.0,1303.0,406772.0
2005-02-13,5.05809,4.59568,3626.0,2874.704918032787,5757.0,8854.0,757.827868852459,1132.0,19369.0,1324.0,421461.0
2005-02-20,5.44151,4.75197,3834.0,2898.0765027322404,6515.0,8400.0,763.9890710382514,1182.0,19931.0,1330.0,419426.0
2005-02-27,4.4729,4.17962,3720.0,2921.448087431694,5125.0,6759.0,770.1502732240438,1026.0,16630.0,1280.0,397883.0
2005-03-06,3.6752,3.45359,2997.0,2944.819672131148,4058.0,5343.0,776.311475409836,836.0,13234.0,1268.0,383196.0
2005-03-13,3.3353,3.15852,2728.0,2968.191256830601,3634.0,4494.0,782.4726775956284,745.0,11601.0,1227.0,367292.0
2005-03-20,2.76224,2.6732,2416.0,2991.562841530055,2969.0,3513.0,788.6338797814208,604.0,9502.0,1185.0,355454.0
2005-03-27,2.46844,2.35161,2145.0,3014.9344262295085,2434.0,2771.0,794.7950819672132,550.0,7900.0,1148.0,335940.0
2005-04-03,2.00081,1.89243,1827.0,3038.3060109289618,1979.0,2133.0,800.9562841530055,390.0,6329.0,1103.0,334438.0
2005-04-10,1.54319,1.5249,1422.0,3061.6775956284155,1327.0,1737.0,807.1174863387978,330.0,4816.0,1048.0,315823.0
2005-04-17,1.50195,1.41134,1356.0,3085.049180327869,1169.0,1603.0,813.2786885245902,317.0,4445.0,1000.0,314948.0
2005-04-24,1.22918,1.25068,1096.0,3108.4207650273224,954.0,1469.0,819.4398907103825,306.0,3825.0,978.0,305833.0
2005-05-01,1.21854,1.20702,1117.0,3131.792349726776,894.0,1411.0,825.6010928961749,224.0,3646.0,971.0,302065.0
2005-05-08,1.15832,1.07895,903.0,3155.16393442623,762.0,1136.0,831.7622950819672,189.0,2990.0,923.0,277120.0
2005-05-15,1.249,1.14521,979.0,3178.535519125683,710.0,1115.0,837.9234972677596,208.0,3012.0,878.0,263009.0
2005-05-22,1.16888,1.06124,805.0,3201.907103825137,600.0,926.0,844.0846994535519,200.0,2531.0,825.0,238494.0
2005-05-29,1.07888,1.0568,687.0,3225.2786885245905,518.0,695.0,850.2459016393443,156.0,2056.0,687.0,194550.0
2005-06-05,1.23059,1.25193,693.0,3248.6502732240438,568.0,678.0,856.4071038251366,160.0,2099.0,637.0,167661.0
2005-06-12,1.14747,1.01419,548.0,3272.0218579234975,462.0,594.0,862.568306010929,140.0,1744.0,603.0,171960.0
2005-06-19,1.00254,1.04197,573.0,3295.393442622951,409.0,507.0,868.7295081967213,125.0,1614.0,582.0,154899.0
2005-06-26,0.957569,0.954027,580.0,3318.7650273224044,431.0,507.0,874.8907103825137,110.0,1628.0,587.0,170645.0
2005-07-03,0.894837,0.84823,497.0,3342.136612021858,326.0,452.0,881.051912568306,84.0,1359.0,550.0,160216.0
2005-07-10,0.798205,0.841872,426.0,3365.508196721312,313.0,390.0,887.2131147540983,69.0,1198.0,533.0,142302.0
2005-07-17,0.757812,0.730894,389.0,3388.879781420765,323.0,361.0,893.3743169398907,75.0,1148.0,524.0,157068.0
2005-07-24,0.825963,0.713432,333.0,3412.251366120219,303.0,364.0,899.5355191256831,68.0,1068.0,507.0,149699.0
2005-07-31,0.744927,0.670677,328.0,3435.6229508196725,279.0,327.0,905.6967213114755,56.0,990.0,492.0,147612.0
2005-08-07,0.787049,0.689278,331.0,3458.9945355191257,267.0,326.0,911.8579234972677,58.0,982.0,488.0,142468.0
2005-08-14,0.684724,0.704929,319.0,3482.3661202185795,297.0,350.0,918.0191256830601,57.0,1023.0,479.0,145121.0
2005-08-21,0.747361,0.615903,330.0,3505.737704918033,225.0,326.0,924.1803278688525,47.0,928.0,480.0,150673.0
2005-08-28,0.673974,0.609426,292.0,3529.1092896174864,265.0,311.0,930.3415300546449,54.0,922.0,428.0,151290.0
2005-09-04,0.869662,0.680259,342.0,3552.48087431694,273.0,367.0,936.5027322404371,51.0,1033.0,420.0,151854.0
2005-09-11,0.899529,0.775488,338.0,3575.852459016394,264.0,396.0,942.6639344262295,63.0,1061.0,416.0,136817.0
2005-09-18,0.854635,0.683421,302.0,3599.224043715847,289.0,383.0,948.8251366120219,52.0,1026.0,408.0,150127.0
2005-09-25,1.01123,0.781075,368.0,3622.595628415301,285.0,516.0,954.9863387978143,50.0,1219.0,419.0,156067.0
2005-10-02,0.977808,0.806943,381.0,3645.9672131147545,276.0,484.0,961.1475409836065,63.0,1204.0,447.0,149205.0
2005-10-09,1.17778,1.07635,1172.0,3669.3387978142077,924.0,1256.0,967.3087431693989,234.0,3586.0,1113.0,333164.0
2005-10-16,1.21947,1.05869,1285.0,3692.7103825136614,853.0,1247.0,973.4699453551913,197.0,3582.0,1160.0,338343.0
2005-10-23,1.3069,1.11523,1393.0,3716.081967213115,992.0,1525.0,979.6311475409836,212.0,4122.0,1216.0,369609.0
2005-10-30,1.33931,1.12381,1439.0,3739.4535519125684,997.0,1599.0,985.7923497267759,213.0,4248.0,1237.0,377999.0
2005-11-06,1.58374,1.25489,1639.0,3762.825136612022,1190.0,1894.0,991.9535519125683,282.0,5005.0,1280.0,398840.0
2005-11-13,1.47072,1.33661,1563.0,3786.196721311476,1251.0,1929.0,998.1147540983607,295.0,5038.0,1272.0,376924.0
2005-11-20,1.6112,1.37864,1679.0,3809.568306010929,1331.0,1951.0,1004.275956284153,315.0,5276.0,1277.0,382697.0
2005-11-27,1.82699,1.60829,1666.0,3832.9398907103828,1249.0,1593.0,1010.4371584699454,294.0,4802.0,1301.0,298578.0
2005-12-04,1.77482,1.48311,1858.0,3856.3114754098365,1583.0,2176.0,1016.5983606557377,349.0,5966.0,1325.0,402264.0
2005-12-11,1.94451,1.65374,1987.0,3879.6830601092897,1534.0,2463.0,1022.75956284153,387.0,6371.0,1328.0,385248.0
2005-12-18,2.35512,2.00679,2241.0,3903.0546448087434,1997.0,3063.0,1028.9207650273224,396.0,7697.0,1318.0,383548.0
2005-12-25,3.10878,2.56857,2696.0,3926.426229508197,2293.0,3058.0,1035.0819672131147,530.0,8577.0,1287.0,333921.0
2006-01-01,3.28238,3.05278,2678.0,3949.7978142076504,2882.0,2561.0,1041.2431693989072,721.0,8842.0,1273.0,289638.0
2006-01-08,2.62914,2.42504,2422.0,3973.169398907104,2817.0,2366.0,1047.4043715846994,734.0,8339.0,1319.0,343871.0
2006-01-15,2.2515,2.00195,2272.0,3996.540983606558,2155.0,2921.0,1053.5655737704917,534.0,7882.0,1339.0,393716.0
2006-01-22,2.35858,2.05869,2249.0,4019.912568306011,1999.0,3150.0,1059.7267759562842,460.0,7858.0,1297.0,381699.0
2006-01-29,2.41881,2.21277,2643.0,4043.2841530054648,2281.0,3646.0,1065.8879781420765,544.0,9114.0,1331.0,411882.0
2006-02-05,2.52752,2.3222,2612.0,4066.6557377049185,2288.0,4153.0,1072.049180327869,498.0,9551.0,1320.0,411291.0
2006-02-12,2.64954,2.49279,2754.0,4090.0273224043717,2543.0,4593.0,1078.2103825136612,537.0,10427.0,1311.0,418286.0
2006-02-19,3.12935,2.79489,2624.0,4113.398907103825,2992.0,4979.0,1084.3715846994535,631.0,11226.0,1288.0,401661.0
2006-02-26,3.12442,2.96911,2753.0,4136.770491803279,3073.0,5284.0,1090.532786885246,791.0,11901.0,1288.0,400827.0
2006-03-05,3.13099,2.83959,2579.0,4160.142076502732,2989.0,5008.0,1096.6939890710382,767.0,11343.0,1275.0,399459.0
2006-03-12,3.08261,2.77799,2564.0,4183.513661202186,2913.0,5106.0,1102.8551912568307,678.0,11261.0,1257.0,405365.0
2006-03-19,2.64431,2.47287,2330.0,4206.88524590164,2231.0,4154.0,1109.016393442623,607.0,9322.0,1241.0,376971.0
2006-03-26,2.42295,2.18061,1895.0,4230.2568306010935,1919.0,3709.0,1115.1775956284152,541.0,8064.0,1217.0,369804.0
2006-04-02,2.31141,2.0168,1697.0,4253.628415300546,1745.0,3393.0,1121.3387978142077,478.0,7313.0,1165.0,362605.0
2006-04-09,1.86383,1.64101,1437.0,4277.0,1299.0,2660.0,1127.5,342.0,5738.0,1133.0,349662.0
2006-04-16,1.44943,1.35829,1181.0,4300.371584699454,1067.0,2014.0,1133.6612021857923,285.0,4547.0,1087.0,334760.0
2006-04-23,1.30227,1.1428,959.0,4323.743169398907,873.0,1479.0,1139.8224043715848,239.0,3550.0,1045.0,310641.0
2006-04-30,1.13459,1.04031,836.0,4347.114754098361,779.0,1382.0,1145.983606557377,180.0,3177.0,1017.0,305389.0
2006-05-07,1.06255,0.964347,745.0,4370.486338797815,637.0,1208.0,1152.1448087431695,190.0,2780.0,958.0,288278.0
2006-05-14,1.03428,0.937982,745.0,4393.857923497268,621.0,1039.0,1158.3060109289618,187.0,2592.0,919.0,276338.0
2006-05-21,1.01791,0.947449,715.0,4417.229508196721,582.0,969.0,1164.467213114754,162.0,2428.0,877.0,256267.0
2006-05-28,0.918151,0.891918,699.0,4440.601092896175,452.0,764.0,1170.6284153005465,146.0,2061.0,783.0,231075.0
2006-06-04,0.93099,0.864643,572.0,4463.972677595629,404.0,561.0,1176.7896174863388,108.0,1645.0,649.0,190252.0
2006-06-11,0.857294,0.97032,754.0,4487.344262295082,564.0,626.0,1182.9508196721313,131.0,2075.0,635.0,213847.0
2006-06-18,0.786294,0.84439,514.0,4510.715846994536,388.0,447.0,1189.1120218579235,81.0,1430.0,615.0,169353.0
2006-06-25,0.719426,0.77487,463.0,4534.087431693989,328.0,409.0,1195.2732240437158,100.0,1300.0,610.0,167770.0
2006-07-02,0.718868,0.821372,466.0,4557.459016393443,323.0,390.0,1201.4344262295083,92.0,1271.0,572.0,154741.0
2006-07-09,0.774807,0.872745,437.0,4580.830601092896,305.0,402.0,1207.5956284153006,71.0,1215.0,565.0,139216.0
2006-07-16,0.76598,0.922635,549.0,4604.20218579235,449.0,511.0,1213.7568306010928,108.0,1617.0,577.0,175259.0
2006-07-23,0.642809,0.899487,541.0,4627.573770491804,460.0,440.0,1219.9180327868853,112.0,1553.0,564.0,172654.0
2006-07-30,0.622033,0.843082,502.0,4650.9453551912575,422.0,403.0,1226.0792349726776,128.0,1455.0,564.0,172581.0
2006-08-06,0.616326,0.881824,508.0,4674.31693989071,402.0,430.0,1232.24043715847,88.0,1428.0,551.0,161937.0
2006-08-13,0.685694,0.817145,473.0,4697.688524590164,383.0,435.0,1238.4016393442623,82.0,1373.0,547.0,168024.0
2006-08-20,0.622697,0.8715,510.0,4721.060109289618,390.0,466.0,1244.5628415300546,91.0,1457.0,536.0,167183.0
2006-08-27,0.611817,0.738621,404.0,4744.431693989071,279.0,379.0,1250.724043715847,76.0,1138.0,503.0,154071.0
2006-09-03,0.638831,0.797966,398.0,4767.803278688525,292.0,457.0,1256.8852459016393,77.0,1224.0,488.0,153390.0
2006-09-10,0.806627,1.01394,492.0,4791.174863387979,396.0,506.0,1263.0464480874316,69.0,1463.0,491.0,144289.0
2006-09-17,0.762448,0.880936,446.0,4814.546448087432,361.0,521.0,1269.207650273224,78.0,1406.0,487.0,159603.0
2006-09-24,0.813406,0.943366,511.0,4837.918032786885,362.0,534.0,1275.3688524590164,80.0,1487.0,455.0,157627.0
2006-10-01,0.807934,0.891546,476.0,4861.289617486339,364.0,512.0,1281.5300546448088,81.0,1433.0,469.0,160732.0
2006-10-08,1.15384,1.20322,1434.0,4884.661202185793,1116.0,1699.0,1287.691256830601,264.0,4513.0,1323.0,375076.0
2006-10-15,1.14819,1.05788,1278.0,4908.032786885246,992.0,1602.0,1293.8524590163934,200.0,4072.0,1361.0,384920.0
2006-10-22,1.22736,1.13054,1543.0,4931.4043715847,1099.0,1830.0,1300.0136612021859,265.0,4737.0,1425.0,419005.0
2006-10-29,1.21744,1.12552,1582.0,4954.775956284153,1086.0,1996.0,1306.1748633879781,224.0,4888.0,1445.0,434287.0
2006-11-05,1.32813,1.20808,1672.0,4978.147540983607,1157.0,2270.0,1312.3360655737706,281.0,5380.0,1473.0,445334.0
2006-11-12,1.47754,1.34952,2112.0,5001.51912568306,1320.0,2393.0,1318.4972677595629,314.0,6139.0,1497.0,454901.0
2006-11-19,1.5339,1.4689,2355.0,5024.890710382514,1342.0,2681.0,1324.6584699453551,290.0,6668.0,1474.0,453945.0
2006-11-26,1.91269,1.82767,2188.0,5048.262295081968,1409.0,2202.0,1330.8196721311476,357.0,6156.0,1488.0,336822.0
2006-12-03,1.838,1.6656,2573.0,5071.6338797814215,1774.0,2792.0,1336.98087431694,391.0,7530.0,1486.0,452089.0
2006-12-10,1.95376,1.85968,2643.0,5095.005464480874,1804.0,3244.0,1343.1420765027322,431.0,8122.0,1493.0,436741.0
2006-12-17,2.40407,2.38891,3270.0,5118.377049180328,2177.0,4470.0,1349.3032786885246,479.0,10396.0,1492.0,435177.0
2006-12-24,2.87453,2.78978,3387.0,5141.748633879782,2237.0,4065.0,1355.464480874317,503.0,10192.0,1435.0,365334.0
2006-12-31,3.02597,3.11549,3243.0,5165.120218579235,2216.0,2868.0,1361.6256830601094,586.0,8913.0,1359.0,286087.0
2007-01-07,2.37817,2.26942,2927.0,5188.491803278689,2394.0,2481.0,1367.7868852459017,584.0,8386.0,1490.0,369521.0
2007-01-14,2.09232,1.86355,2507.0,5211.863387978143,2018.0,2756.0,1373.948087431694,480.0,7761.0,1467.0,416464.0
2007-01-21,2.29396,1.99986,2548.0,5235.234972677596,1701.0,3248.0,1380.1092896174864,412.0,7909.0,1470.0,395477.0
2007-01-28,2.74501,2.4406,3410.0,5258.606557377049,2257.0,4684.0,1386.2704918032787,537.0,10888.0,1495.0,446119.0
2007-02-04,3.04434,2.83018,3456.0,5281.978142076503,2559.0,5648.0,1392.4316939890712,457.0,12120.0,1472.0,428241.0
2007-02-11,3.49999,3.12343,3840.0,5305.349726775957,2910.0,6995.0,1398.5928961748634,452.0,14197.0,1484.0,454533.0
2007-02-18,3.57851,3.27019,3879.0,5328.72131147541,2955.0,6668.0,1404.7540983606557,529.0,14031.0,1461.0,429057.0
2007-02-25,3.28979,3.17757,3728.0,5352.092896174864,3175.0,6537.0,1410.9153005464482,608.0,14048.0,1460.0,442099.0
2007-03-04,2.89149,2.72364,3016.0,5375.464480874317,2778.0,5429.0,1417.0765027322404,578.0,11801.0,1428.0,433281.0
2007-03-11,2.62075,2.50201,2798.0,5398.836065573771,2533.0,4937.0,1423.2377049180327,447.0,10715.0,1408.0,428255.0
2007-03-18,2.53387,2.4272,2668.0,5422.207650273224,2426.0,4031.0,1429.3989071038252,472.0,9597.0,1361.0,395394.0
2007-03-25,2.07251,1.96041,2049.0,5445.579234972678,1857.0,3307.0,1435.5601092896175,349.0,7562.0,1333.0,385735.0
2007-04-01,1.87084,1.5914,1664.0,5468.950819672132,1625.0,2508.0,1441.72131147541,351.0,6148.0,1303.0,386327.0
2007-04-08,1.40042,1.36978,1445.0,5492.322404371585,1379.0,1803.0,1447.8825136612022,331.0,4958.0,1284.0,361955.0
2007-04-15,1.46887,1.36317,1429.0,5515.693989071038,1274.0,1821.0,1454.0437158469945,345.0,4869.0,1240.0,357183.0
2007-04-22,1.15514,1.1737,1257.0,5539.065573770492,1112.0,1523.0,1460.204918032787,287.0,4179.0,1206.0,356055.0
2007-04-29,1.07901,1.06358,1152.0,5562.437158469946,937.0,1386.0,1466.3661202185792,220.0,3695.0,1152.0,347413.0
2007-05-06,0.98492,0.969711,969.0,5585.808743169399,755.0,1143.0,1472.5273224043715,210.0,3077.0,1119.0,317311.0
2007-05-13,1.03325,0.965362,917.0,5609.180327868853,713.0,1055.0,1478.688524590164,175.0,2860.0,1057.0,296262.0
2007-05-20,0.926649,0.856749,815.0,5632.551912568307,590.0,861.0,1484.8497267759562,176.0,2442.0,1025.0,285031.0
2007-05-27,0.9201,0.863346,761.0,5655.92349726776,561.0,785.0,1491.0109289617487,136.0,2243.0,925.0,259803.0
2007-06-03,0.954094,0.93537,722.0,5679.295081967213,554.0,652.0,1497.172131147541,130.0,2058.0,831.0,220020.0
2007-06-10,0.763278,0.745569,628.0,5702.666666666667,422.0,510.0,1503.3333333333333,119.0,1679.0,796.0,225197.0
2007-06-17,0.81722,0.740428,598.0,5726.038251366121,413.0,469.0,1509.4945355191257,134.0,1614.0,771.0,217982.0
2007-06-24,0.764586,0.672897,521.0,5749.409836065574,394.0,441.0,1515.655737704918,100.0,1456.0,749.0,216378.0
2007-07-01,0.793127,0.666282,514.0,5772.781420765028,431.0,408.0,1521.8169398907105,102.0,1455.0,742.0,218376.0
2007-07-08,0.66909,0.662747,394.0,5796.153005464481,313.0,360.0,1527.9781420765028,102.0,1169.0,711.0,176387.0
2007-07-15,0.62115,0.545619,366.0,5819.524590163935,296.0,372.0,1534.139344262295,52.0,1086.0,697.0,199040.0
2007-07-22,0.603659,0.586231,446.0,5842.896174863388,335.0,345.0,1540.3005464480875,85.0,1211.0,698.0,206574.0
2007-07-29,0.649058,0.660687,477.0,5866.267759562842,391.0,392.0,1546.4617486338798,96.0,1356.0,691.0,205241.0
2007-08-05,0.568338,0.534093,321.0,5889.639344262296,344.0,311.0,1552.622950819672,61.0,1037.0,677.0,194161.0
2007-08-12,0.651546,0.585549,389.0,5913.010928961749,320.0,385.0,1558.7841530054645,78.0,1172.0,667.0,200154.0
2007-08-19,0.652176,0.618075,439.0,5936.382513661202,338.0,411.0,1564.9453551912568,95.0,1283.0,666.0,207580.0
2007-08-26,0.803849,0.687465,495.0,5959.754098360656,408.0,457.0,1571.1065573770493,88.0,1448.0,671.0,210629.0
2007-09-02,0.787458,0.715696,502.0,5983.12568306011,416.0,500.0,1577.2677595628415,108.0,1526.0,652.0,213219.0
2007-09-09,0.943263,0.829313,519.0,6006.497267759563,417.0,545.0,1583.4289617486338,73.0,1554.0,641.0,187384.0
2007-09-16,0.946932,0.800912,496.0,6029.868852459017,417.0,682.0,1589.5901639344263,99.0,1694.0,638.0,211509.0
2007-09-23,0.987146,0.918484,609.0,6053.24043715847,502.0,681.0,1595.7513661202186,121.0,1913.0,632.0,208278.0
2007-09-30,1.05206,0.814259,729.0,6076.6120218579235,583.0,788.0,1601.912568306011,128.0,2228.0,703.0,273623.0
2007-10-07,0.995184,1.07197,2187.0,6099.983606557377,1167.0,1997.0,1608.0737704918033,290.0,5641.0,1373.0,526227.0
2007-10-14,1.22003,1.21786,2387.0,6123.355191256831,1321.0,2433.0,1614.2349726775956,303.0,6444.0,1429.0,529126.0
2007-10-21,1.28548,1.24576,2583.0,6146.726775956285,1455.0,2551.0,1620.396174863388,352.0,6941.0,1449.0,557172.0
2007-10-28,1.3775,1.35984,2871.0,6170.098360655738,1400.0,2788.0,1626.5573770491803,375.0,7434.0,1477.0,546680.0
2007-11-04,1.46725,1.44671,3074.0,6193.469945355191,1475.0,2998.0,1632.7185792349726,368.0,7915.0,1485.0,547104.0
2007-11-11,1.55841,1.53286,3398.0,6216.841530054645,1609.0,3303.0,1638.879781420765,377.0,8687.0,1539.0,566717.0
2007-11-18,1.61958,1.66653,3563.0,6240.213114754099,1780.0,3290.0,1645.0409836065573,471.0,9104.0,1516.0,546284.0
2007-11-25,1.8112,1.97488,3651.0,6263.584699453552,1812.0,2631.0,1651.2021857923498,476.0,8570.0,1523.0,433951.0
2007-12-02,1.61865,1.67305,3679.0,6286.956284153006,1921.0,3158.0,1657.363387978142,413.0,9171.0,1513.0,548159.0
2007-12-09,1.62124,1.63405,3365.0,6310.32786885246,1772.0,2907.0,1663.5245901639344,392.0,8436.0,1487.0,516263.0
2007-12-16,1.67351,1.74595,3298.0,6333.6994535519125,1697.0,2694.0,1669.6857923497269,402.0,8091.0,1453.0,463416.0
2007-12-23,1.95096,1.93643,3580.0,6357.071038251366,1987.0,2724.0,1675.8469945355191,459.0,8750.0,1420.0,451862.0
2007-12-30,2.50019,2.48905,3848.0,6380.44262295082,2184.0,2348.0,1682.0081967213116,522.0,8902.0,1426.0,357646.0
2008-01-06,2.4697899999999997,2.37155,3792.5,6403.814207650274,2457.5,2458.0,1688.1693989071039,596.0,9304.0,1456.0,394124.5
2008-01-13,2.43939,2.25405,3737.0,6427.185792349727,2731.0,2568.0,1694.3306010928961,670.0,9706.0,1486.0,430603.0
2008-01-20,2.29319,2.09147,3393.0,6450.557377049181,3262.0,3644.0,1700.4918032786886,816.0,11115.0,1509.0,531444.0
2008-01-27,2.62907,2.35934,3664.0,6473.928961748634,3038.0,4900.0,1706.6530054644809,595.0,12197.0,1511.0,516966.0
2008-02-03,3.92966,3.32331,4289.0,6497.3005464480875,4499.0,7661.0,1712.8142076502731,722.0,17171.0,1508.0,516683.0
2008-02-10,4.99202,4.43381,5222.0,6520.672131147541,6595.0,11974.0,1718.9754098360656,1021.0,24812.0,1514.0,559609.0
2008-02-17,5.7776,5.34547,6059.0,6544.043715846995,9212.0,15323.0,1725.136612021858,1302.0,31896.0,1526.0,596692.0
2008-02-24,5.98318,5.42258,6244.0,6567.415300546449,9487.0,14336.0,1731.2978142076504,1558.0,31625.0,1518.0,583210.0
2008-03-02,5.61677,5.30303,5922.0,6590.786885245902,9812.0,12783.0,1737.4590163934427,1728.0,30245.0,1497.0,570334.0
2008-03-09,4.53234,4.24456,4978.0,6614.158469945355,8583.0,9958.0,1743.620218579235,1508.0,25027.0,1453.0,589626.0
2008-03-16,3.83249,3.628,4420.0,6637.530054644809,6781.0,7849.0,1749.7814207650274,1204.0,20254.0,1445.0,558269.0
2008-03-23,3.21522,3.03463,3878.0,6660.901639344263,5676.0,6112.0,1755.9426229508197,1048.0,16714.0,1412.0,550776.0
2008-03-30,2.69245,2.53595,3153.0,6684.273224043716,4520.0,4493.0,1762.103825136612,874.0,13040.0,1395.0,514205.0
2008-04-06,2.03366,2.0573,2689.0,6707.64480874317,3496.0,3395.0,1768.2650273224044,796.0,10376.0,1379.0,504350.0
2008-04-13,1.65275,1.7415,2372.0,6731.016393442624,2872.0,2697.0,1774.4262295081967,642.0,8583.0,1327.0,492850.0
2008-04-20,1.3113,1.40652,2045.0,6754.3879781420765,2160.0,2354.0,1780.5874316939892,486.0,7045.0,1318.0,500881.0
2008-04-27,1.1652,1.26861,1857.0,6777.75956284153,1802.0,2013.0,1786.7486338797814,407.0,6079.0,1288.0,479187.0
2008-05-04,1.02035,1.07719,1572.0,6801.131147540984,1345.0,1713.0,1792.9098360655737,323.0,4953.0,1208.0,459808.0
2008-05-11,0.877607,0.993445,1466.0,6824.502732240438,1107.0,1416.0,1799.0710382513662,235.0,4224.0,1147.0,425187.0
2008-05-18,0.825107,0.911212,1356.0,6847.874316939891,1066.0,1381.0,1805.2322404371585,208.0,4011.0,1098.0,440183.0
2008-05-25,0.787315,0.972109,1439.0,6871.245901639345,980.0,1274.0,1811.393442622951,211.0,3904.0,1074.0,401601.0
2008-06-01,0.805439,0.993258,1393.0,6894.617486338798,926.0,1116.0,1817.5546448087432,211.0,3646.0,945.0,367075.0
2008-06-08,0.886061,1.09132,1473.0,6917.9890710382515,1004.0,1083.0,1823.7158469945355,243.0,3803.0,869.0,348477.0
2008-06-15,0.743743,0.888446,1159.0,6941.360655737705,729.0,906.0,1829.877049180328,139.0,2933.0,789.0,330127.0
2008-06-22,0.706842,0.887691,1113.0,6964.732240437159,720.0,886.0,1836.0382513661202,187.0,2906.0,764.0,327366.0
2008-06-29,0.655943,0.883187,1115.0,6988.103825136613,712.0,855.0,1842.1994535519125,160.0,2842.0,755.0,321789.0
2008-07-06,0.633492,0.826756,937.0,7011.475409836066,654.0,810.0,1848.360655737705,133.0,2534.0,730.0,306499.0
2008-07-13,0.571837,0.783201,913.0,7034.846994535519,575.0,762.0,1854.5218579234972,155.0,2405.0,713.0,307073.0
2008-07-20,0.558278,0.78061,881.0,7058.218579234973,669.0,749.0,1860.6830601092897,132.0,2431.0,710.0,311423.0
2008-07-27,0.597893,0.769073,826.0,7081.5901639344265,619.0,703.0,1866.844262295082,171.0,2319.0,696.0,301532.0
2008-08-03,0.577222,0.721298,779.0,7104.96174863388,552.0,704.0,1873.0054644808743,131.0,2166.0,694.0,300292.0
2008-08-10,0.596987,0.752527,788.0,7128.333333333334,599.0,763.0,1879.1666666666667,139.0,2289.0,676.0,304175.0
2008-08-17,0.564653,0.752721,679.0,7151.704918032788,619.0,706.0,1885.327868852459,216.0,2220.0,668.0,294930.0
2008-08-24,0.585682,0.792766,789.0,7175.07650273224,650.0,745.0,1891.4890710382515,184.0,2368.0,657.0,298701.0
2008-08-31,0.503985,0.743896,730.0,7198.448087431694,619.0,754.0,1897.6502732240438,134.0,2237.0,657.0,300714.0
2008-09-07,0.468139,0.814166,794.0,7221.819672131148,616.0,892.0,1903.811475409836,127.0,2429.0,636.0,298342.0
2008-09-14,0.576455,0.838401,774.0,7245.191256830602,663.0,880.0,1909.9726775956285,144.0,2461.0,666.0,293535.0
2008-09-21,0.681361,0.851124,859.0,7268.562841530055,758.0,994.0,1916.1338797814208,177.0,2788.0,685.0,327567.0
2008-09-28,0.794764,1.10976,1062.0,7291.934426229509,958.0,1527.0,1922.295081967213,188.0,3735.0,679.0,336560.0
2008-10-05,0.868116,1.03114,983.0,7315.306010928962,932.0,1306.0,1928.4562841530055,179.0,3400.0,716.0,329731.0
2008-10-12,1.06828,1.02284,1535.0,7338.6775956284155,1476.0,2352.0,1934.6174863387978,324.0,5687.0,1435.0,555999.0
2008-10-19,1.00756,1.03017,1861.0,7362.049180327869,1485.0,2291.0,1940.7786885245903,322.0,5959.0,1500.0,578446.0
2008-10-26,0.979399,1.01245,1869.0,7385.420765027323,1467.0,2219.0,1946.9398907103825,341.0,5896.0,1525.0,582351.0
2008-11-02,1.04943,1.08359,1976.0,7408.792349726777,1668.0,2474.0,1953.1010928961748,367.0,6485.0,1527.0,598473.0
2008-11-09,1.13218,1.16578,2119.0,7432.16393442623,1869.0,2547.0,1959.2622950819673,452.0,6987.0,1545.0,599343.0
2008-11-16,1.13156,1.1913,2276.0,7455.535519125683,1981.0,2668.0,1965.4234972677596,372.0,7297.0,1555.0,612526.0
2008-11-23,1.15469,1.28075,2512.0,7478.907103825137,1889.0,2854.0,1971.5846994535518,412.0,7667.0,1555.0,598635.0
2008-11-30,1.20448,1.27053,2600.0,7502.2786885245905,1893.0,2828.0,1977.7459016393443,412.0,7733.0,1563.0,608646.0
2008-12-07,1.36081,1.59578,3024.0,7525.650273224044,1741.0,2412.0,1983.9071038251366,457.0,7634.0,1523.0,478386.0
2008-12-14,1.30322,1.4585,3114.0,7549.021857923498,2212.0,2913.0,1990.068306010929,469.0,8708.0,1551.0,597052.0
2008-12-21,1.30204,1.49921,3252.0,7572.393442622952,1974.0,3024.0,1996.2295081967213,439.0,8689.0,1543.0,579573.0
2008-12-28,1.45109,1.62982,3137.0,7595.765027322404,1640.0,2579.0,2002.3907103825136,456.0,7812.0,1416.0,479318.0
2009-01-04,1.79927,2.15561,3897.0,7619.136612021858,1947.0,2367.0,2008.551912568306,495.0,8706.0,1484.0,403876.0
2009-01-11,2.12134,2.02053,3814.0,7642.508196721312,2163.0,2042.0,2014.7131147540983,584.0,8603.0,1490.0,425780.0
2009-01-18,1.61555,1.64224,3142.0,7665.8797814207655,2329.0,3345.0,2020.8743169398908,473.0,9289.0,1512.0,565631.0
2009-01-25,1.95333,1.96524,3602.0,7689.251366120219,2821.0,4597.0,2027.035519125683,436.0,11456.0,1566.0,582932.0
2009-02-01,2.42907,2.34368,4039.0,7712.622950819673,3215.0,6602.0,2033.1967213114754,468.0,14324.0,1554.0,611176.0
2009-02-08,2.96686,2.86057,4606.0,7735.994535519126,4240.0,8882.0,2039.3579234972678,540.0,18268.0,1580.0,638613.0
2009-02-15,3.57354,3.3421,5064.0,7759.366120218579,4636.0,11215.0,2045.51912568306,752.0,21667.0,1569.0,648304.0
2009-02-22,3.36653,3.20566,4848.0,7782.737704918033,4685.0,9851.0,2051.6803278688526,638.0,20022.0,1543.0,624583.0
2009-03-01,3.2962,3.10049,4694.0,7806.109289617487,5007.0,10092.0,2057.841530054645,657.0,20450.0,1544.0,659573.0
2009-03-08,3.17227,2.95819,4420.0,7829.480874316941,4272.0,9116.0,2064.002732240437,633.0,18441.0,1534.0,623389.0
2009-03-15,2.5804,2.46381,4046.0,7852.852459016394,3601.0,7446.0,2070.1639344262294,618.0,15711.0,1524.0,637672.0
2009-03-22,2.42922,2.19272,3657.0,7876.224043715847,3002.0,6036.0,2076.325136612022,582.0,13277.0,1494.0,605503.0
2009-03-29,1.99028,1.87395,3237.0,7899.595628415301,2661.0,5052.0,2082.4863387978144,450.0,11400.0,1470.0,608342.0
2009-04-05,1.72423,1.64817,2829.0,7922.9672131147545,2158.0,4283.0,2088.6475409836066,399.0,9669.0,1440.0,586651.0
2009-04-12,1.60355,1.49878,2577.0,7946.338797814208,2085.0,3407.0,2094.808743169399,391.0,8460.0,1422.0,564460.0
2009-04-19,1.28418,1.29233,2371.0,7969.710382513662,1727.0,2761.0,2100.969945355191,363.0,7222.0,1415.0,558837.0
2009-04-26,1.2932,1.27164,2353.0,7993.081967213116,1743.0,2855.0,2107.1311475409834,397.0,7348.0,1445.0,577836.0
2009-05-03,2.74012,2.98159,4821.0,8016.453551912568,5093.0,8043.0,2113.292349726776,670.0,18627.0,1405.0,624734.0
2009-05-10,2.22391,2.43702,3920.0,8039.825136612022,3875.0,6221.0,2119.4535519125684,562.0,14578.0,1422.0,598189.0
2009-05-17,1.76657,2.2813,3236.0,8063.196721311476,3018.0,5888.0,2125.6147540983607,412.0,12554.0,1372.0,550300.0
2009-05-24,1.92171,3.81572,4188.0,8086.5683060109295,4136.0,12026.0,2131.775956284153,424.0,20774.0,1331.0,544432.0
2009-05-31,1.8611,4.21315,4496.0,8109.939890710383,4950.0,12461.0,2137.937158469945,487.0,22394.0,1314.0,531526.0
2009-06-07,1.68423,3.17832,3865.0,8133.311475409837,4213.0,8615.0,2144.098360655738,412.0,17105.0,1305.0,538177.0
2009-06-14,1.7393,2.50972,3072.0,8156.68306010929,3276.0,5660.0,2150.25956284153,384.0,12392.0,1296.0,493761.0
2009-06-21,1.83001,2.06632,2623.0,8180.054644808743,3084.0,4740.0,2156.4207650273224,333.0,10780.0,1280.0,521701.0
2009-06-28,1.58128,1.71805,2299.0,8203.426229508197,2476.0,3700.0,2162.5819672131147,326.0,8801.0,1279.0,512268.0
2009-07-05,1.49172,1.55965,2145.0,8226.79781420765,2023.0,2893.0,2168.743169398907,361.0,7422.0,1237.0,475877.0
2009-07-12,1.389,1.30856,1701.0,8250.169398907105,1815.0,2481.0,2174.9043715846997,293.0,6290.0,1246.0,480680.0
2009-07-19,1.34702,1.18695,1581.0,8273.540983606557,1708.0,2437.0,2181.065573770492,238.0,5964.0,1248.0,502466.0
2009-07-26,1.16056,1.13796,1608.0,8296.912568306012,1611.0,2285.0,2187.226775956284,231.0,5735.0,1248.0,503971.0
2009-08-02,1.2085,1.15005,1519.0,8320.284153005465,1575.0,2199.0,2193.3879781420765,294.0,5587.0,1254.0,485804.0
2009-08-09,1.15544,1.11262,1651.0,8343.65573770492,1530.0,2082.0,2199.5491803278687,263.0,5526.0,1230.0,496666.0
2009-08-16,1.14518,1.16142,1645.0,8367.027322404372,1646.0,2321.0,2205.7103825136614,265.0,5877.0,1234.0,506019.0
2009-08-23,1.4664,1.64107,2167.0,8390.398907103825,2168.0,4210.0,2211.8715846994537,396.0,8941.0,1286.0,544827.0
2009-08-30,2.38017,2.47166,2883.0,8413.77049180328,2977.0,8253.0,2218.032786885246,443.0,14556.0,1320.0,588916.0
2009-09-06,3.44681,3.71969,3713.0,8437.142076502732,3982.0,13114.0,2224.1939890710382,541.0,21350.0,1358.0,573972.0
2009-09-13,4.05315,3.94975,4087.0,8460.513661202187,4547.0,13407.0,2230.3551912568305,520.0,22561.0,1367.0,571201.0
2009-09-20,4.26621,4.08756,4445.0,8483.88524590164,5668.0,15326.0,2236.5163934426228,652.0,26091.0,1380.0,638302.0
2009-09-27,4.21579,4.01897,4462.0,8507.256830601093,5252.0,14152.0,2242.6775956284155,588.0,24454.0,1313.0,608464.0
2009-10-04,4.8861,4.60362,4974.0,8530.628415300547,6090.0,16291.0,2248.8387978142077,564.0,27919.0,1331.0,606458.0
2009-10-11,6.06923,5.66087,9302.0,8554.0,6090.0,27406.0,2255.0,903.0,48420.0,2056.0,855346.0
2009-10-18,7.09467,6.81522,11527.0,10271.0,6090.0,32585.0,2800.0,1013.0,58196.0,2134.0,853912.0
2009-10-25,7.7151,7.61889,13187.0,12399.0,6090.0,39364.0,3048.0,1070.0,69068.0,2162.0,906536.0
2009-11-01,7.55134,7.38836,13174.0,12166.0,6090.0,36860.0,3083.0,1128.0,66411.0,2167.0,898860.0
2009-11-08,6.67118,6.33927,12161.0,10250.0,6090.0,30860.0,2672.0,1074.0,57017.0,2197.0,899425.0
2009-11-15,5.20633,4.94349,10151.0,8174.0,6090.0,21112.0,2314.0,978.0,42729.0,2191.0,864348.0
2009-11-22,4.04477,3.80996,8979.0,6163.0,6090.0,14652.0,1843.0,883.0,32520.0,2157.0,853552.0
2009-11-29,3.49722,3.44106,7716.0,4378.0,6090.0,8237.0,1406.0,771.0,22508.0,2146.0,654101.0
2009-12-06,2.69023,2.66773,7195.0,4259.0,6090.0,7988.0,1470.0,818.0,21730.0,2122.0,814550.0
2009-12-13,2.47119,2.47183,6490.0,3588.0,6090.0,7218.0,1314.0,715.0,19325.0,2093.0,781811.0
2009-12-20,2.44773,2.345,6275.0,3249.0,6090.0,5785.0,1113.0,659.0,17081.0,2014.0,728401.0
2009-12-27,2.64594,2.71435,6078.0,2677.0,6090.0,4127.0,1049.0,644.0,14575.0,1934.0,536961.0
2010-01-03,2.61567,2.67667,6598.0,3202.0,6090.0,3726.0,1284.0,803.0,15613.0,1937.0,583299.0
2010-01-10,1.90712,1.98284,4998.0,3333.0,6090.0,3961.0,1244.0,763.0,14299.0,1996.0,721138.0
2010-01-17,1.86738,1.82749,4877.0,2793.0,6090.0,4614.0,1182.0,622.0,14088.0,2016.0,770895.0
2010-01-24,1.88072,1.92606,5399.0,2693.0,6090.0,5079.0,1008.0,578.0,14757.0,2053.0,766177.0
2010-01-31,1.96908,1.92495,5333.0,2560.0,6090.0,5655.0,1046.0,528.0,15122.0,2026.0,785580.0
2010-02-07,2.11387,2.08877,5816.0,2581.0,6090.0,6142.0,948.0,550.0,16037.0,1996.0,767773.0
2010-02-14,2.09695,2.03434,5496.0,2644.0,6090.0,5577.0,1006.0,658.0,15381.0,1977.0,756068.0
2010-02-21,1.90294,1.97649,5388.0,2649.0,6090.0,5536.0,994.0,498.0,15065.0,1954.0,762208.0
2010-02-28,1.96951,1.99362,5040.0,2943.0,6090.0,6207.0,1218.0,679.0,16087.0,1990.0,806925.0
2010-03-07,1.92331,1.85383,4281.0,2763.0,6090.0,5685.0,1085.0,672.0,14486.0,1953.0,781411.0
2010-03-14,1.89659,1.8673,4612.0,2660.0,6090.0,5270.0,1112.0,700.0,14354.0,1946.0,768702.0
2010-03-21,1.75181,1.69987,4063.0,2468.0,6090.0,4466.0,976.0,628.0,12601.0,1933.0,741293.0
2010-03-28,1.52632,1.49741,3625.0,2097.0,6090.0,4108.0,827.0,534.0,11191.0,1917.0,747358.0
2010-04-04,1.49572,1.45112,3408.0,1954.0,6090.0,3733.0,736.0,528.0,10359.0,1875.0,713863.0
2010-04-11,1.22313,1.20715,3090.0,1718.0,6090.0,2933.0,644.0,428.0,8813.0,1850.0,730068.0
2010-04-18,1.17754,1.17415,3117.0,1572.0,6090.0,3110.0,598.0,404.0,8801.0,1831.0,749563.0
2010-04-25,1.09112,1.16207,2921.0,1461.0,6090.0,3044.0,522.0,414.0,8362.0,1765.0,719580.0
2010-05-02,1.11958,1.17213,3081.0,1435.0,6090.0,2972.0,557.0,395.0,8440.0,1755.0,720054.0
2010-05-09,1.08169,1.12168,2781.0,1385.0,6090.0,2901.0,482.0,365.0,7914.0,1710.0,705551.0
2010-05-16,1.12497,1.14981,2851.0,1363.0,6090.0,2645.0,491.0,347.0,7697.0,1664.0,669414.0
2010-05-23,1.06197,1.13328,2816.0,1364.0,6090.0,2553.0,498.0,372.0,7603.0,1624.0,670887.0
2010-05-30,1.08909,1.08171,2636.0,1235.0,6090.0,2188.0,445.0,349.0,6853.0,1497.0,633532.0
2010-06-06,1.1776,1.19959,2413.0,1212.0,6090.0,2172.0,463.0,335.0,6595.0,1421.0,549773.0
2010-06-13,0.97493,0.952808,2147.0,1081.0,6090.0,1831.0,374.0,322.0,5755.0,1435.0,604004.0
2010-06-20,0.987132,0.916032,1975.0,978.0,6090.0,1784.0,339.0,240.0,5316.0,1405.0,580329.0
2010-06-27,0.995991,0.926582,2027.0,882.0,6090.0,1779.0,397.0,249.0,5334.0,1384.0,575664.0
2010-07-04,0.904726,0.86962,1754.0,862.0,6090.0,1541.0,323.0,238.0,4718.0,1347.0,542536.0
2010-07-11,0.941927,0.903133,1753.0,816.0,6090.0,1566.0,334.0,222.0,4691.0,1353.0,519414.0
2010-07-18,0.880415,0.773776,1458.0,819.0,6090.0,1450.0,298.0,209.0,4234.0,1284.0,547187.0
2010-07-25,0.842615,0.742774,1323.0,759.0,6090.0,1335.0,335.0,198.0,3950.0,1265.0,531790.0
2010-08-01,0.858382,0.730934,1290.0,805.0,6090.0,1279.0,302.0,174.0,3850.0,1250.0,526723.0
2010-08-08,0.83383,0.786882,1381.0,839.0,6090.0,1357.0,291.0,209.0,4077.0,1241.0,518121.0
2010-08-15,0.847437,0.763051,1378.0,809.0,6090.0,1307.0,300.0,214.0,4008.0,1212.0,525260.0
2010-08-22,0.888273,0.841043,1485.0,883.0,6090.0,1592.0,360.0,198.0,4518.0,1225.0,537190.0
2010-08-29,0.765372,0.791573,1520.0,811.0,6090.0,1592.0,295.0,202.0,4420.0,1235.0,558382.0
2010-09-05,0.91858,0.912732,1564.0,1019.0,6090.0,1866.0,354.0,204.0,5007.0,1170.0,548573.0
2010-09-12,1.01432,1.03398,1850.0,1076.0,6090.0,1959.0,374.0,234.0,5493.0,1198.0,531250.0
2010-09-19,1.01233,0.934009,1720.0,1061.0,6090.0,2118.0,358.0,253.0,5510.0,1210.0,589930.0
2010-09-26,1.11803,1.08189,2134.0,1291.0,6090.0,2510.0,480.0,326.0,6741.0,1206.0,623077.0
2010-10-03,1.11806,1.06563,1995.0,1269.0,6090.0,2383.0,446.0,294.0,6387.0,1254.0,599366.0
2010-10-10,1.10939,1.13505,2627.0,1677.0,6090.0,3142.0,627.0,400.0,8473.0,1838.0,746485.0
2010-10-17,1.24341,1.25256,2953.0,1779.0,6090.0,3522.0,649.0,444.0,9347.0,1875.0,746230.0
2010-10-24,1.25726,1.2457,3044.0,1898.0,6090.0,3641.0,690.0,411.0,9684.0,1907.0,777397.0
2010-10-31,1.25734,1.26774,3226.0,1754.0,6090.0,3822.0,682.0,420.0,9904.0,1929.0,781234.0
2010-11-07,1.43414,1.43723,3451.0,1981.0,6090.0,4397.0,736.0,455.0,11020.0,1947.0,766753.0
2010-11-14,1.51838,1.53341,3927.0,1956.0,6090.0,4679.0,734.0,511.0,11807.0,1940.0,769982.0
2010-11-21,1.61617,1.69445,4416.0,2327.0,6090.0,5322.0,774.0,497.0,13336.0,1921.0,787038.0
2010-11-28,1.84378,1.9915,4598.0,2043.0,6090.0,4145.0,743.0,550.0,12079.0,1938.0,606527.0
2010-12-05,1.72535,1.81305,5045.0,2440.0,6090.0,4978.0,915.0,619.0,13997.0,1964.0,772016.0
2010-12-12,1.87923,2.01426,5060.0,2511.0,6090.0,5867.0,893.0,627.0,14958.0,1936.0,742606.0
2010-12-19,2.3371,2.55659,6300.0,2847.0,6090.0,7194.0,1031.0,650.0,18022.0,1916.0,704923.0
2010-12-26,3.03533,3.38185,7295.0,3433.0,6090.0,7071.0,1262.0,838.0,19899.0,1840.0,588406.0
2011-01-02,3.136,3.43172,7478.0,4455.0,6090.0,5764.0,1581.0,1068.0,20346.0,1887.0,592880.0
2011-01-09,2.53336,2.69151,6584.0,4455.0,6090.0,6342.0,1586.0,1059.0,20026.0,1923.0,744043.0
2011-01-16,2.91288,2.91063,6238.0,4220.0,6090.0,7773.0,1537.0,953.0,20721.0,1921.0,711908.0
2011-01-23,3.44497,3.49232,7247.0,5095.0,6090.0,11243.0,1734.0,938.0,26257.0,1964.0,751850.0
2011-01-30,4.16185,4.0037,8007.0,5952.0,6090.0,15291.0,1794.0,931.0,31975.0,1947.0,798637.0
2011-02-06,4.55159,4.43534,8195.0,6536.0,6090.0,16366.0,1990.0,1197.0,34284.0,1970.0,772974.0
2011-02-13,4.46504,4.24215,8036.0,6812.0,6090.0,16516.0,1996.0,1096.0,34456.0,1961.0,812230.0
2011-02-20,4.55124,4.39719,8172.0,7257.0,6090.0,17493.0,2352.0,1293.0,36567.0,1910.0,831600.0
2011-02-27,4.0822,3.90256,7839.0,6425.0,6090.0,13718.0,2028.0,1267.0,31277.0,1908.0,801449.0
2011-03-06,3.38812,3.15073,6376.0,4869.0,6090.0,10496.0,1740.0,1146.0,24627.0,1860.0,781629.0
2011-03-13,2.99142,2.72422,5691.0,3939.0,6090.0,8427.0,1421.0,899.0,20377.0,1829.0,747993.0
2011-03-20,2.61542,2.33336,5363.0,3265.0,6090.0,6702.0,1175.0,804.0,17309.0,1823.0,741807.0
2011-03-27,2.09065,1.925,4400.0,2551.0,6090.0,5489.0,978.0,613.0,14031.0,1790.0,728883.0
2011-04-03,1.86146,1.75243,4189.0,2244.0,6090.0,5025.0,877.0,622.0,12957.0,1770.0,739375.0
2011-04-10,1.61377,1.57704,3701.0,1985.0,6090.0,4557.0,747.0,508.0,11498.0,1723.0,729089.0
2011-04-17,1.42199,1.35766,3164.0,1574.0,6090.0,3562.0,641.0,450.0,9391.0,1681.0,691707.0
2011-04-24,1.3382,1.31223,3139.0,1505.0,6090.0,3064.0,559.0,428.0,8695.0,1651.0,662612.0
2011-05-01,1.19995,1.14937,2895.0,1324.0,6090.0,2673.0,555.0,383.0,7830.0,1612.0,681240.0
2011-05-08,1.14889,1.11451,2532.0,1305.0,6090.0,2553.0,524.0,393.0,7307.0,1585.0,655627.0
2011-05-15,1.12194,1.10984,2551.0,1254.0,6090.0,2595.0,485.0,351.0,7236.0,1556.0,651983.0
2011-05-22,1.06712,1.0524,2353.0,1131.0,6090.0,2280.0,461.0,305.0,6530.0,1516.0,620485.0
2011-05-29,1.05058,1.03536,2213.0,1045.0,6090.0,2110.0,405.0,299.0,6072.0,1381.0,586460.0
2011-06-05,1.15203,1.11777,2249.0,1013.0,6090.0,1980.0,397.0,307.0,5946.0,1357.0,531954.0
2011-06-12,0.970975,0.982949,2040.0,1037.0,6090.0,1760.0,432.0,278.0,5547.0,1296.0,564322.0
2011-06-19,0.894683,0.925194,1812.0,911.0,6090.0,1599.0,405.0,262.0,4989.0,1279.0,539238.0
2011-06-26,0.843568,0.835531,1604.0,870.0,6090.0,1422.0,308.0,244.0,4448.0,1251.0,532356.0
2011-07-03,0.815409,0.832393,1472.0,750.0,6090.0,1462.0,324.0,210.0,4218.0,1225.0,506732.0
2011-07-10,0.823052,0.855591,1423.0,823.0,6090.0,1269.0,270.0,224.0,4009.0,1211.0,468565.0
2011-07-17,0.674635,0.706949,1255.0,756.0,6090.0,1206.0,316.0,188.0,3721.0,1220.0,526346.0
2011-07-24,0.631883,0.694387,1243.0,733.0,6090.0,1184.0,259.0,178.0,3597.0,1203.0,518011.0
2011-07-31,0.641513,0.687976,1251.0,667.0,6090.0,1188.0,263.0,169.0,3538.0,1179.0,514262.0
2011-08-07,0.529813,0.644743,1088.0,635.0,6090.0,1125.0,203.0,151.0,3202.0,1175.0,496632.0
2011-08-14,0.644089,0.67533,1207.0,704.0,6090.0,1223.0,231.0,158.0,3523.0,1175.0,521671.0
2011-08-21,0.667718,0.72823,1342.0,767.0,6090.0,1358.0,241.0,166.0,3874.0,1191.0,531975.0
2011-08-28,0.705668,0.806526,1505.0,814.0,6090.0,1600.0,305.0,220.0,4444.0,1195.0,551005.0
2011-09-04,0.804155,0.860408,1528.0,887.0,6090.0,1781.0,308.0,213.0,4717.0,1200.0,548228.0
2011-09-11,0.907804,0.936075,1622.0,904.0,6090.0,1809.0,293.0,185.0,4813.0,1184.0,514168.0
2011-09-18,1.00555,0.966683,1788.0,1022.0,6090.0,2206.0,346.0,205.0,5567.0,1196.0,575887.0
2011-09-25,1.03601,0.996007,1816.0,1126.0,6090.0,2264.0,374.0,242.0,5822.0,1201.0,584534.0
2011-10-02,1.07583,1.10846,2248.0,1253.0,6090.0,2514.0,449.0,244.0,6708.0,1213.0,605162.0
2011-10-09,1.16092,1.20345,3106.0,1765.0,6090.0,3485.0,632.0,377.0,9365.0,1850.0,778182.0
2011-10-16,1.19785,1.23777,3317.0,1777.0,6090.0,3667.0,672.0,370.0,9803.0,1883.0,791987.0
2011-10-23,1.27926,1.25259,3324.0,1763.0,6090.0,3837.0,655.0,379.0,9958.0,1905.0,794995.0
2011-10-30,1.29194,1.30546,3453.0,1773.0,6090.0,4035.0,657.0,380.0,10298.0,1900.0,788840.0
2011-11-06,1.42824,1.45295,3634.0,1957.0,6090.0,4658.0,760.0,387.0,11396.0,1925.0,784334.0
2011-11-13,1.39803,1.44089,3949.0,2072.0,6090.0,4348.0,671.0,456.0,11496.0,1946.0,797839.0
2011-11-20,1.45831,1.46221,3923.0,2166.0,6090.0,4361.0,797.0,474.0,11721.0,1900.0,801594.0
2011-11-27,1.56548,1.65573,4125.0,1803.0,6090.0,3340.0,679.0,430.0,10377.0,1918.0,626731.0
2011-12-04,1.34313,1.46606,4237.0,2059.0,6090.0,3955.0,815.0,413.0,11479.0,1904.0,782984.0
2011-12-11,1.48139,1.51811,3995.0,1938.0,6090.0,4040.0,772.0,442.0,11187.0,1898.0,736905.0
2011-12-18,1.63398,1.66429,4579.0,2077.0,6090.0,4097.0,838.0,546.0,12137.0,1872.0,729258.0
2011-12-25,1.83126,1.85274,5016.0,2068.0,6090.0,3535.0,818.0,521.0,11958.0,1851.0,645424.0
2012-01-01,2.10451,2.12413,5243.0,2315.0,6090.0,3184.0,946.0,668.0,12356.0,1821.0,581697.0
2012-01-08,1.73625,1.76709,4514.0,2342.0,6090.0,3393.0,1028.0,715.0,11992.0,1891.0,678631.0
2012-01-15,1.55066,1.5434,4059.0,2319.0,6090.0,3636.0,918.0,611.0,11543.0,1883.0,747894.0
2012-01-22,1.62891,1.64762,4364.0,2247.0,6090.0,4030.0,800.0,498.0,11939.0,1887.0,724623.0
2012-01-29,1.76038,1.6843,4766.0,2303.0,6090.0,4802.0,825.0,513.0,13209.0,1891.0,784244.0
2012-02-05,1.92728,1.86354,5218.0,2415.0,6090.0,5336.0,915.0,564.0,14448.0,1885.0,775298.0
2012-02-12,1.91994,1.86408,5028.0,2582.0,6090.0,5555.0,894.0,565.0,14624.0,1875.0,784516.0
2012-02-19,2.09951,2.01839,5277.0,2937.0,6090.0,5994.0,1054.0,667.0,15929.0,1884.0,789193.0
2012-02-26,2.23973,2.10385,5246.0,3009.0,6090.0,5990.0,1131.0,761.0,16137.0,1853.0,767022.0
2012-03-04,2.21921,2.09555,5219.0,3141.0,6090.0,6239.0,1153.0,766.0,16518.0,1826.0,788242.0
2012-03-11,2.16693,2.10398,4811.0,2832.0,6090.0,6493.0,998.0,629.0,15763.0,1816.0,749198.0
2012-03-18,2.38913,2.2941,5175.0,3321.0,6090.0,6768.0,1185.0,701.0,17150.0,1819.0,747570.0
2012-03-25,1.96466,1.92223,4422.0,2822.0,6090.0,5683.0,988.0,609.0,14524.0,1780.0,755579.0
2012-04-01,1.84229,1.74239,3807.0,2485.0,6090.0,5256.0,920.0,549.0,13017.0,1753.0,747079.0
2012-04-08,1.68674,1.67601,3582.0,2306.0,6090.0,4631.0,839.0,572.0,11930.0,1729.0,711808.0
2012-04-15,1.53136,1.49637,3253.0,2109.0,6090.0,4059.0,767.0,544.0,10732.0,1707.0,717202.0
2012-04-22,1.37912,1.38202,3001.0,1990.0,6090.0,4020.0,719.0,393.0,10123.0,1699.0,732480.0
2012-04-29,1.29515,1.28926,2638.0,1831.0,6090.0,3802.0,664.0,435.0,9370.0,1675.0,726772.0
2012-05-06,1.39521,1.35803,2509.0,1728.0,6090.0,3671.0,636.0,455.0,8999.0,1564.0,662649.0
2012-05-13,1.32522,1.30833,2524.0,1559.0,6090.0,3468.0,606.0,419.0,8576.0,1546.0,655492.0
2012-05-20,1.23059,1.26692,2465.0,1547.0,6090.0,3087.0,588.0,375.0,8062.0,1503.0,636347.0
2012-05-27,1.23028,1.27731,2545.0,1461.0,6090.0,3011.0,483.0,378.0,7878.0,1415.0,616765.0
2012-06-03,1.26877,1.2991,2480.0,1276.0,6090.0,2601.0,446.0,350.0,7153.0,1409.0,550614.0
2012-06-10,1.10782,1.16297,2336.0,1281.0,6090.0,2352.0,458.0,338.0,6765.0,1365.0,581700.0
2012-06-17,1.09559,1.08612,2231.0,1150.0,6090.0,2024.0,428.0,300.0,6133.0,1289.0,564670.0
2012-06-24,1.11031,1.0568,2259.0,1119.0,6090.0,1974.0,411.0,285.0,6048.0,1295.0,572296.0
2012-07-01,1.10616,1.07871,2168.0,1058.0,6090.0,1850.0,422.0,288.0,5786.0,1260.0,536380.0
2012-07-08,1.10816,1.04662,1911.0,1013.0,6090.0,1706.0,388.0,273.0,5291.0,1271.0,505533.0
2012-07-15,0.999444,0.928152,1913.0,964.0,6090.0,1751.0,337.0,220.0,5185.0,1240.0,558637.0
2012-07-22,0.924199,0.901936,1818.0,914.0,6090.0,1640.0,318.0,241.0,4931.0,1223.0,546713.0
2012-07-29,0.949257,0.915356,1752.0,975.0,6090.0,1721.0,372.0,283.0,5103.0,1250.0,557488.0
2012-08-05,0.978903,0.952548,1728.0,1050.0,6090.0,1706.0,408.0,267.0,5159.0,1240.0,541600.0
2012-08-12,0.925024,0.916661,1660.0,989.0,6090.0,1718.0,375.0,284.0,5026.0,1248.0,548294.0
2012-08-19,0.848456,0.901787,1721.0,986.0,6090.0,1755.0,357.0,232.0,5051.0,1238.0,560110.0
2012-08-26,1.04451,1.03315,2098.0,1194.0,6090.0,2128.0,425.0,296.0,6141.0,1238.0,594395.0
2012-09-02,1.0986,1.05238,1958.0,1305.0,6090.0,2335.0,443.0,277.0,6318.0,1238.0,600354.0
2012-09-09,1.22071,1.12713,1886.0,1317.0,6090.0,2294.0,481.0,318.0,6296.0,1242.0,558585.0
2012-09-16,1.24976,1.1866,2176.0,1408.0,6090.0,2870.0,513.0,415.0,7382.0,1252.0,622114.0
2012-09-23,1.22892,1.21415,2295.0,1530.0,6090.0,2972.0,511.0,348.0,7656.0,1268.0,630563.0
2012-09-30,1.29393,1.25198,2421.0,1546.0,6090.0,2867.0,575.0,398.0,7807.0,1248.0,623572.0
2012-10-07,1.23034,1.20559,2773.0,1814.0,6090.0,3691.0,702.0,415.0,9395.0,1932.0,779285.0
2012-10-14,1.3278,1.31929,2960.0,1957.0,6090.0,4007.0,745.0,489.0,10158.0,1940.0,769959.0
2012-10-21,1.33995,1.32737,3202.0,1902.0,6090.0,4233.0,760.0,488.0,10585.0,1968.0,797444.0
2012-10-28,1.37842,1.36688,3346.0,2012.0,6090.0,4268.0,771.0,516.0,10913.0,1958.0,798388.0
2012-11-04,1.50085,1.50535,3326.0,2032.0,6090.0,4422.0,797.0,484.0,11061.0,1929.0,734781.0
2012-11-11,1.65163,1.61273,3733.0,2330.0,6090.0,5145.0,925.0,541.0,12674.0,1974.0,785871.0
2012-11-18,1.76746,1.75208,4034.0,2569.0,6090.0,5526.0,897.0,597.0,13623.0,1966.0,777534.0
2012-11-25,2.30609,2.33365,4651.0,2824.0,6090.0,5387.0,1105.0,683.0,14650.0,1968.0,627772.0
2012-12-02,2.16324,2.2268,5102.0,3950.0,6090.0,7018.0,1498.0,953.0,18521.0,2006.0,831730.0
2012-12-09,2.83038,2.97657,6486.0,4672.0,6090.0,10857.0,1791.0,1071.0,24877.0,2006.0,835762.0
2012-12-16,3.43761,3.62552,7446.0,5692.0,6090.0,12945.0,2087.0,1262.0,29432.0,1977.0,811800.0
2012-12-23,4.30554,4.5532,8546.0,7437.0,6090.0,13971.0,2730.0,1648.0,34332.0,1908.0,754019.0
2012-12-30,6.06082,6.02598,9709.0,9295.0,6090.0,11391.0,3639.0,2554.0,36588.0,1905.0,607171.0
2013-01-06,5.355065,5.49483,9076.5,9487.0,6090.0,10249.5,3859.5,2673.0,35345.5,1943.5,647111.0
2013-01-13,4.64931,4.96368,8444.0,9679.0,6090.0,9108.0,4080.0,2792.0,34103.0,1982.0,687051.0
2013-01-20,4.32584,4.69072,8297.0,10877.0,6090.0,13424.0,4502.0,2796.0,39896.0,1995.0,850531.0
2013-01-27,4.51113,4.70473,8633.0,8977.0,6090.0,15992.0,3523.0,2316.0,39441.0,2008.0,838326.0
2013-02-03,4.2171,4.1646,7441.0,7021.0,6090.0,13439.0,2760.0,1765.0,32426.0,1978.0,778610.0
2013-02-10,3.78956,3.69533,6609.0,6421.0,6090.0,12653.0,2551.0,1574.0,29808.0,1963.0,806640.0
2013-02-17,3.29206,3.2363,5757.0,5236.0,6090.0,10816.0,1971.0,1207.0,24987.0,1931.0,772086.0
2013-02-24,3.0197,2.89421,5289.0,4698.0,6090.0,9395.0,1894.0,1045.0,22321.0,1926.0,771229.0
2013-03-03,2.71499,2.71742,5099.0,4357.0,6090.0,8415.0,1625.0,1023.0,20519.0,1940.0,755092.0
2013-03-10,2.4845,2.52297,4633.0,4030.0,6090.0,7981.0,1619.0,968.0,19231.0,1893.0,762238.0
2013-03-17,2.57808,2.55227,4791.0,3935.0,6090.0,7709.0,1536.0,858.0,18829.0,1884.0,737736.0
2013-03-24,2.39237,2.43225,4480.0,3606.0,6090.0,7065.0,1352.0,889.0,17392.0,1846.0,715059.0
2013-03-31,2.06778,2.10851,3957.0,3191.0,6090.0,6095.0,1270.0,741.0,15254.0,1825.0,723449.0
2013-04-07,1.90281,1.94725,3830.0,2924.0,6090.0,5204.0,1124.0,632.0,13714.0,1811.0,704276.0
2013-04-14,1.65902,1.74859,3516.0,2677.0,6090.0,4299.0,1106.0,675.0,12273.0,1769.0,701881.0
2013-04-21,1.43006,1.49713,3110.0,2219.0,6090.0,3929.0,957.0,603.0,10818.0,1742.0,722583.0
2013-04-28,1.27757,1.32313,2707.0,1757.0,6090.0,3509.0,724.0,491.0,9188.0,1732.0,694415.0
2013-05-05,1.19009,1.22647,2588.0,1630.0,6090.0,3364.0,582.0,425.0,8589.0,1711.0,700300.0
2013-05-12,1.09556,1.19614,2439.0,1470.0,6090.0,3142.0,565.0,370.0,7986.0,1675.0,667648.0
2013-05-19,1.08589,1.19049,2422.0,1474.0,6090.0,2877.0,570.0,361.0,7704.0,1630.0,647130.0
2013-05-26,1.07343,1.17426,2431.0,1345.0,6090.0,2583.0,565.0,393.0,7317.0,1582.0,623114.0
2013-06-02,1.01677,1.13342,2230.0,1279.0,6090.0,2219.0,493.0,368.0,6589.0,1489.0,581338.0
2013-06-09,1.04847,1.14306,2109.0,1147.0,6090.0,2094.0,483.0,357.0,6190.0,1486.0,541528.0
2013-06-16,0.920349,1.00881,1983.0,1086.0,6090.0,1779.0,460.0,330.0,5638.0,1421.0,558875.0
2013-06-23,0.920779,1.02358,1969.0,1112.0,6090.0,1713.0,468.0,277.0,5539.0,1419.0,541138.0
2013-06-30,0.904333,1.00138,1877.0,1040.0,6090.0,1766.0,489.0,302.0,5474.0,1405.0,546643.0
2013-07-07,0.83057,0.909498,1703.0,947.0,6090.0,1581.0,399.0,285.0,4915.0,1389.0,540408.0
2013-07-14,0.862837,0.950042,1594.0,851.0,6090.0,1489.0,321.0,251.0,4506.0,1357.0,474295.0
2013-07-21,0.732182,0.829299,1576.0,862.0,6090.0,1491.0,362.0,219.0,4510.0,1362.0,543833.0
2013-07-28,0.724558,0.802109,1432.0,849.0,6090.0,1405.0,315.0,185.0,4186.0,1341.0,521874.0
2013-08-04,0.740848,0.806333,1416.0,800.0,6090.0,1464.0,332.0,221.0,4233.0,1325.0,524969.0
2013-08-11,0.726037,0.796937,1216.0,852.0,6090.0,1284.0,350.0,184.0,3886.0,1290.0,487617.0
